﻿<?xml version="1.0" encoding="utf-8"?>
<Order xmlns:xsd="http://www.w3.org/2001/XMLSchema" xmlns:xsi="http://www.w3.org/2001/XMLSchema-instance">
  <OrderStatus>Cancelled</OrderStatus>
  <SubStatus />
  <ArtworkRequired>False</ArtworkRequired>
  <ArtworkStatus />
  <Site>ovs.bgpconnect.com</Site>
  <OrderID>B0611240</OrderID>
  <OrderLink>https://ovs.bgpconnect.com/Order?orderId=611240</OrderLink>
  <CustomerID>1766</CustomerID>
  <CustomerName>TEXTURE CLOTHING COMPANY</CustomerName>
  <CustomerEmail>merch2@textureclothing.in</CustomerEmail>
  <CreatedDate>15/02/2025 06:10</CreatedDate>
  <CustomerRef>251TNK271-BLK IND</CustomerRef>
  <RequiredDate>18/02/2025</RequiredDate>
  <OrderedFromLocationID>india</OrderedFromLocationID>
  <OrderedFromLocation>Sainmarks Industries India Private Ltd</OrderedFromLocation>
  <InvoiceLocation>
    <LocationID>2001</LocationID>
    <LocationName>TEXTURE CLOTHING COMPANY</LocationName>
    <AddressLine1>D.NO.7/701,A1,A2,K.S.R.NAGAR</AddressLine1>
    <AddressLine2>NEAR G.N.GARDEN,NERUPERICHAL</AddressLine2>
    <AddressLine3>TIRUPUR</AddressLine3>
    <City />
    <PostCode>641602</PostCode>
    <isoCountryCode>IN</isoCountryCode>
  </InvoiceLocation>
  <DeliveryLocation>
    <LocationID>2001</LocationID>
    <LocationName>TEXTURE CLOTHING COMPANY</LocationName>
    <AddressLine1>D.NO.7/701,A1,A2,K.S.R.NAGAR</AddressLine1>
    <AddressLine2>NEAR G.N.GARDEN,NERUPERICHAL</AddressLine2>
    <AddressLine3>TIRUPUR</AddressLine3>
    <City />
    <PostCode>641602</PostCode>
    <isoCountryCode>IN</isoCountryCode>
  </DeliveryLocation>
  <OrderItems>
    <OrderItem>
      <OrderItemID>930756</OrderItemID>
      <PurchaseOrder>
        <Reference />
      </PurchaseOrder>
      <Asset Id="13745">
        <Name>ATI</Name>
        <Description>ATI TAG-45X100 MM</Description>
        <Codes>
          <Code Name="BPC" Value="TAG008105" />
        </Codes>
        <ProductTypes>
          <ProductType Domain="Retailer">Additional Tag</ProductType>
          <ProductType Domain="Britannia">Graphic Swing Ticket</ProductType>
        </ProductTypes>
      </Asset>
      <Item>
        <ItemID>7093729</ItemID>
        <Quantity>15</Quantity>
        <SizeChartItem Id="0" />
        <Variables>
          <Variable Section="Var" AnswerType="Text" QuestionID="11223408" Question="Style Code">
            <Answer>
              <AnswerID />
              <AnswerValues>
                <AnswerValue Name="">2380381</AnswerValue>
              </AnswerValues>
              <AnswerPrefix />
              <AnswerSuffix />
              <AnswerTranslations>
                <Translation Language="En" Value="2380381" />
              </AnswerTranslations>
            </Answer>
          </Variable>
          <Variable Section="Var" AnswerType="Lookup List" LookupListType="Small Tag Code Chart" QuestionID="11223409" Question="COMMODITY">
            <Answer>
              <AnswerID>48836</AnswerID>
              <AnswerValues>
                <AnswerValue Name="COMMODITY">T-SHIRT</AnswerValue>
                <AnswerValue Name="PRODUCTO" />
              </AnswerValues>
              <AnswerPrefix />
              <AnswerSuffix />
              <AnswerTranslations />
            </Answer>
          </Variable>
          <Variable Section="Var" AnswerType="Text" QuestionID="11223410" Question="Net Quantity">
            <Answer>
              <AnswerID />
              <AnswerValues>
                <AnswerValue Name="">1</AnswerValue>
              </AnswerValues>
              <AnswerPrefix />
              <AnswerSuffix />
              <AnswerTranslations>
                <Translation Language="En" Value="1" />
              </AnswerTranslations>
            </Answer>
          </Variable>
          <Variable Section="Var" AnswerType="Text" QuestionID="11223411" Question="MONTH">
            <Answer>
              <AnswerID />
              <AnswerValues>
                <AnswerValue Name="">02</AnswerValue>
              </AnswerValues>
              <AnswerPrefix />
              <AnswerSuffix />
              <AnswerTranslations>
                <Translation Language="En" Value="02" />
              </AnswerTranslations>
            </Answer>
          </Variable>
          <Variable Section="Var" AnswerType="Text" QuestionID="11223412" Question="YEAR">
            <Answer>
              <AnswerID />
              <AnswerValues>
                <AnswerValue Name="">2025</AnswerValue>
              </AnswerValues>
              <AnswerPrefix />
              <AnswerSuffix />
              <AnswerTranslations>
                <Translation Language="En" Value="2025" />
              </AnswerTranslations>
            </Answer>
          </Variable>
          <Variable Section="Var" AnswerType="Lookup List" LookupListType="Variable" QuestionID="11223413" Question="Country">
            <Answer>
              <AnswerID>47872</AnswerID>
              <AnswerValues>
                <AnswerValue Name="Name">INDIA</AnswerValue>
              </AnswerValues>
              <AnswerPrefix />
              <AnswerSuffix />
              <AnswerTranslations />
            </Answer>
          </Variable>
          <Variable Section="Var" AnswerType="Text" QuestionID="11223414" Question="Supplier Style">
            <Answer>
              <AnswerID />
              <AnswerValues>
                <AnswerValue Name="">251TNK271-71</AnswerValue>
              </AnswerValues>
              <AnswerPrefix />
              <AnswerSuffix />
              <AnswerTranslations>
                <Translation Language="En" Value="251TNK271-71" />
              </AnswerTranslations>
            </Answer>
          </Variable>
          <Variable Section="Var" AnswerType="Lookup List" LookupListType="Variable" QuestionID="11223415" Question="Distributer type">
            <Answer>
              <AnswerID>49267</AnswerID>
              <AnswerValues>
                <AnswerValue Name="print option">IMPORTED AND DISTRIBUTED BY :</AnswerValue>
                <AnswerValue Name="print option">MPORTED AND DISTRIBUTED BY :</AnswerValue>
              </AnswerValues>
              <AnswerPrefix />
              <AnswerSuffix />
              <AnswerTranslations />
            </Answer>
          </Variable>
          <Variable Section="Var" AnswerType="Text" QuestionID="11223416" Question="Address Line1">
            <Answer>
              <AnswerID />
              <AnswerValues>
                <AnswerValue Name="">OVS INDIA RETAIL PRIVATE LIMITED</AnswerValue>
              </AnswerValues>
              <AnswerPrefix />
              <AnswerSuffix />
              <AnswerTranslations>
                <Translation Language="En" Value="OVS INDIA RETAIL PRIVATE LIMITED" />
              </AnswerTranslations>
            </Answer>
          </Variable>
          <Variable Section="Var" AnswerType="Text" QuestionID="11223417" Question="Address Line2">
            <Answer>
              <AnswerID />
              <AnswerValues>
                <AnswerValue Name="">Plot No. 2, 2nd floor - Shambhu Dayal Marg, Kalkaji Road </AnswerValue>
              </AnswerValues>
              <AnswerPrefix />
              <AnswerSuffix />
              <AnswerTranslations>
                <Translation Language="En" Value="Plot No. 2, 2nd floor - Shambhu Dayal Marg, Kalkaji Road " />
              </AnswerTranslations>
            </Answer>
          </Variable>
          <Variable Section="Var" AnswerType="Text" QuestionID="11223418" Question="Address Line3">
            <Answer>
              <AnswerID />
              <AnswerValues>
                <AnswerValue Name="">New Delhi-110020 INDIA</AnswerValue>
              </AnswerValues>
              <AnswerPrefix />
              <AnswerSuffix />
              <AnswerTranslations>
                <Translation Language="En" Value="New Delhi-110020 INDIA" />
              </AnswerTranslations>
            </Answer>
          </Variable>
        </Variables>
      </Item>
    </OrderItem>
  </OrderItems>
</Order>