﻿<?xml version="1.0" encoding="utf-8"?>
<Order xmlns:xsd="http://www.w3.org/2001/XMLSchema" xmlns:xsi="http://www.w3.org/2001/XMLSchema-instance">
  <OrderStatus>Unconfirmed</OrderStatus>
  <SubStatus />
  <ArtworkRequired>True</ArtworkRequired>
  <ArtworkStatus>Waiting For Approval</ArtworkStatus>
  <Site>ovs.bgpconnect.com</Site>
  <OrderID>B0607779</OrderID>
  <OrderLink>https://ovs.bgpconnect.com/Order?orderId=607779</OrderLink>
  <CustomerID>1758</CustomerID>
  <CustomerName>S.M FASHION WEAR</CustomerName>
  <CustomerEmail>ruban@smfashionwear.com</CustomerEmail>
  <CreatedDate>08/02/2025 10:24</CreatedDate>
  <CustomerRef>SUPERMAN1 REV B.TAG</CustomerRef>
  <RequiredDate />
  <OrderedFromLocationID>india</OrderedFromLocationID>
  <OrderedFromLocation>Sainmarks Industries India Private Ltd</OrderedFromLocation>
  <InvoiceLocation>
    <LocationID>1993</LocationID>
    <LocationName>S.M FASHION WEAR</LocationName>
    <AddressLine1>S.F.NO.608/2B 1B,SIVASAKTHI NAGAR II CROSS,</AddressLine1>
    <AddressLine2>NEAR SEVANTHAMPALAYAM,MUTHNAMPALAYAM(PO),</AddressLine2>
    <AddressLine3>TIRUPUR</AddressLine3>
    <City />
    <PostCode>641608</PostCode>
    <isoCountryCode>IN</isoCountryCode>
  </InvoiceLocation>
  <DeliveryLocation>
    <LocationID>1993</LocationID>
    <LocationName>S.M FASHION WEAR</LocationName>
    <AddressLine1>S.F.NO.608/2B 1B,SIVASAKTHI NAGAR II CROSS,</AddressLine1>
    <AddressLine2>NEAR SEVANTHAMPALAYAM,MUTHNAMPALAYAM(PO),</AddressLine2>
    <AddressLine3>TIRUPUR</AddressLine3>
    <City />
    <PostCode>641608</PostCode>
    <isoCountryCode>IN</isoCountryCode>
  </DeliveryLocation>
  <OrderItems>
    <OrderItem>
      <OrderItemID>925643</OrderItemID>
      <PurchaseOrder>
        <Reference />
      </PurchaseOrder>
      <Asset Id="13927">
        <Name>TSG1</Name>
        <Description>SUPERMAN TAG TSG1-45X100MM</Description>
        <Codes>
          <Code Name="BPC" Value="TAG008173" />
        </Codes>
        <ProductTypes>
          <ProductType Domain="Retailer">Clothing tag</ProductType>
          <ProductType Domain="Britannia">Variable Data Swing Ticket</ProductType>
        </ProductTypes>
      </Asset>
      <Item>
        <ItemID>7056830</ItemID>
        <VariantName>J. HART &amp; BROS HERITAGE TAG-0010</VariantName>
        <Quantity>230</Quantity>
        <SizeChartItem Id="11143501" Value="J. HART &amp; BROS HERITAGE TAG-0010" SizeChartName="6101,6102,6103,6195 - J. HART &amp; BROS HERITAGE TAG">
          <Size Name="IT" Value="S" />
          <Size Name="EUR" Value="S" />
        </SizeChartItem>
        <Variables>
          <Variable Section="Var" AnswerType="Text" QuestionID="11143499" Question="Season Code">
            <Answer>
              <AnswerID />
              <AnswerValues>
                <AnswerValue Name="">S25</AnswerValue>
              </AnswerValues>
              <AnswerPrefix />
              <AnswerSuffix />
              <AnswerTranslations>
                <Translation Language="En" Value="S25" />
              </AnswerTranslations>
            </Answer>
          </Variable>
          <Variable Section="Var" AnswerType="Barcode" QuestionID="11143498" Question="Barcode Number">
            <Answer>
              <AnswerID />
              <AnswerValues>
                <AnswerValue Name="">8053145663687</AnswerValue>
              </AnswerValues>
              <AnswerPrefix />
              <AnswerSuffix />
              <AnswerTranslations>
                <Translation Language="En" Value="8053145663687" />
              </AnswerTranslations>
            </Answer>
          </Variable>
          <Variable Section="Var" AnswerType="Text" QuestionID="11143500" Question="Selling Price">
            <Answer>
              <AnswerID />
              <AnswerValues>
                <AnswerValue Name="">16,95</AnswerValue>
              </AnswerValues>
              <AnswerPrefix />
              <AnswerSuffix />
              <AnswerTranslations>
                <Translation Language="En" Value="16,95" />
              </AnswerTranslations>
            </Answer>
          </Variable>
          <Variable Section="Var" AnswerType="Text" QuestionID="11143502" Question="SKU Code">
            <Answer>
              <AnswerID />
              <AnswerValues>
                <AnswerValue Name="">2417973</AnswerValue>
              </AnswerValues>
              <AnswerPrefix />
              <AnswerSuffix />
              <AnswerTranslations>
                <Translation Language="En" Value="2417973" />
              </AnswerTranslations>
            </Answer>
          </Variable>
          <Variable Section="Var" AnswerType="Text" QuestionID="11143503" Question="Commercial Ref">
            <Answer>
              <AnswerID />
              <AnswerValues>
                <AnswerValue Name="">PR408 - AI06</AnswerValue>
              </AnswerValues>
              <AnswerPrefix />
              <AnswerSuffix />
              <AnswerTranslations>
                <Translation Language="En" Value="PR408 - AI06" />
              </AnswerTranslations>
            </Answer>
          </Variable>
          <Variable Section="Var" AnswerType="Lookup List" LookupListType="Variable" QuestionID="11143504" Question="Country">
            <Answer>
              <AnswerID>28111</AnswerID>
              <AnswerValues>
                <AnswerValue Name="Name">ITALY</AnswerValue>
              </AnswerValues>
              <AnswerPrefix />
              <AnswerSuffix />
              <AnswerTranslations />
            </Answer>
          </Variable>
          <Variable Section="Var" AnswerType="Text" QuestionID="11143505" Question="Color">
            <Answer>
              <AnswerID />
              <AnswerValues>
                <AnswerValue Name="">PAGEANT BLUE</AnswerValue>
              </AnswerValues>
              <AnswerPrefix />
              <AnswerSuffix />
              <AnswerTranslations>
                <Translation Language="En" Value="PAGEANT BLUE" />
              </AnswerTranslations>
            </Answer>
          </Variable>
          <Variable Section="Var" AnswerType="Lookup List" LookupListType="Small Tag Code Chart" QuestionID="11143506" Question="Translation Code">
            <Answer>
              <AnswerID>28255</AnswerID>
              <AnswerValues>
                <AnswerValue Name="ENGLISH">PURE COTTON</AnswerValue>
                <AnswerValue Name="ITALIANO">PURO COTONE</AnswerValue>
              </AnswerValues>
              <AnswerPrefix />
              <AnswerSuffix />
              <AnswerTranslations />
            </Answer>
          </Variable>
          <Variable Section="Var" AnswerType="Text" QuestionID="11143507" Question="Department">
            <Answer>
              <AnswerID />
              <AnswerValues>
                <AnswerValue Name="">289</AnswerValue>
              </AnswerValues>
              <AnswerPrefix />
              <AnswerSuffix />
              <AnswerTranslations>
                <Translation Language="En" Value="289" />
              </AnswerTranslations>
            </Answer>
          </Variable>
          <Variable Section="Var" AnswerType="Text" QuestionID="11143508" Question="Style Code">
            <Answer>
              <AnswerID />
              <AnswerValues>
                <AnswerValue Name="">2417973</AnswerValue>
              </AnswerValues>
              <AnswerPrefix />
              <AnswerSuffix />
              <AnswerTranslations>
                <Translation Language="En" Value="2417973" />
              </AnswerTranslations>
            </Answer>
          </Variable>
          <Variable Section="Var" AnswerType="Text" QuestionID="11143509" Question="Sub Department">
            <Answer>
              <AnswerID />
              <AnswerValues>
                <AnswerValue Name="">4994</AnswerValue>
              </AnswerValues>
              <AnswerPrefix />
              <AnswerSuffix />
              <AnswerTranslations>
                <Translation Language="En" Value="4994" />
              </AnswerTranslations>
            </Answer>
          </Variable>
          <Variable Section="Var" AnswerType="Text" QuestionID="11143510" Question="Supplier Style">
            <Answer>
              <AnswerID />
              <AnswerValues>
                <AnswerValue Name="">252TSHSUPERMAN1-289</AnswerValue>
              </AnswerValues>
              <AnswerPrefix />
              <AnswerSuffix />
              <AnswerTranslations>
                <Translation Language="En" Value="252TSHSUPERMAN1-289" />
              </AnswerTranslations>
            </Answer>
          </Variable>
          <Variable Section="Var" AnswerType="Lookup List" LookupListType="Attributes" QuestionID="11143511" Question="Currency">
            <Answer>
              <AnswerID>24440</AnswerID>
              <AnswerValues>
                <AnswerValue Name="Currency">EUR</AnswerValue>
                <AnswerValue Name="Symbol">€</AnswerValue>
              </AnswerValues>
              <AnswerPrefix />
              <AnswerSuffix />
              <AnswerTranslations />
            </Answer>
          </Variable>
        </Variables>
      </Item>
      <Item>
        <ItemID>7056831</ItemID>
        <VariantName>J. HART &amp; BROS HERITAGE TAG-0020</VariantName>
        <Quantity>345</Quantity>
        <SizeChartItem Id="11143501" Value="J. HART &amp; BROS HERITAGE TAG-0020" SizeChartName="6101,6102,6103,6195 - J. HART &amp; BROS HERITAGE TAG">
          <Size Name="IT" Value="M" />
          <Size Name="EUR" Value="M" />
        </SizeChartItem>
        <Variables>
          <Variable Section="Var" AnswerType="Text" QuestionID="11143499" Question="Season Code">
            <Answer>
              <AnswerID />
              <AnswerValues>
                <AnswerValue Name="">S25</AnswerValue>
              </AnswerValues>
              <AnswerPrefix />
              <AnswerSuffix />
              <AnswerTranslations>
                <Translation Language="En" Value="S25" />
              </AnswerTranslations>
            </Answer>
          </Variable>
          <Variable Section="Var" AnswerType="Barcode" QuestionID="11143498" Question="Barcode Number">
            <Answer>
              <AnswerID />
              <AnswerValues>
                <AnswerValue Name="">8053145663694</AnswerValue>
              </AnswerValues>
              <AnswerPrefix />
              <AnswerSuffix />
              <AnswerTranslations>
                <Translation Language="En" Value="8053145663694" />
              </AnswerTranslations>
            </Answer>
          </Variable>
          <Variable Section="Var" AnswerType="Text" QuestionID="11143500" Question="Selling Price">
            <Answer>
              <AnswerID />
              <AnswerValues>
                <AnswerValue Name="">16,95</AnswerValue>
              </AnswerValues>
              <AnswerPrefix />
              <AnswerSuffix />
              <AnswerTranslations>
                <Translation Language="En" Value="16,95" />
              </AnswerTranslations>
            </Answer>
          </Variable>
          <Variable Section="Var" AnswerType="Text" QuestionID="11143502" Question="SKU Code">
            <Answer>
              <AnswerID />
              <AnswerValues>
                <AnswerValue Name="">2417974</AnswerValue>
              </AnswerValues>
              <AnswerPrefix />
              <AnswerSuffix />
              <AnswerTranslations>
                <Translation Language="En" Value="2417974" />
              </AnswerTranslations>
            </Answer>
          </Variable>
          <Variable Section="Var" AnswerType="Text" QuestionID="11143503" Question="Commercial Ref">
            <Answer>
              <AnswerID />
              <AnswerValues>
                <AnswerValue Name="">PR408 - AI06</AnswerValue>
              </AnswerValues>
              <AnswerPrefix />
              <AnswerSuffix />
              <AnswerTranslations>
                <Translation Language="En" Value="PR408 - AI06" />
              </AnswerTranslations>
            </Answer>
          </Variable>
          <Variable Section="Var" AnswerType="Lookup List" LookupListType="Variable" QuestionID="11143504" Question="Country">
            <Answer>
              <AnswerID>28111</AnswerID>
              <AnswerValues>
                <AnswerValue Name="Name">ITALY</AnswerValue>
              </AnswerValues>
              <AnswerPrefix />
              <AnswerSuffix />
              <AnswerTranslations />
            </Answer>
          </Variable>
          <Variable Section="Var" AnswerType="Text" QuestionID="11143505" Question="Color">
            <Answer>
              <AnswerID />
              <AnswerValues>
                <AnswerValue Name="">PAGEANT BLUE</AnswerValue>
              </AnswerValues>
              <AnswerPrefix />
              <AnswerSuffix />
              <AnswerTranslations>
                <Translation Language="En" Value="PAGEANT BLUE" />
              </AnswerTranslations>
            </Answer>
          </Variable>
          <Variable Section="Var" AnswerType="Lookup List" LookupListType="Small Tag Code Chart" QuestionID="11143506" Question="Translation Code">
            <Answer>
              <AnswerID>28255</AnswerID>
              <AnswerValues>
                <AnswerValue Name="ENGLISH">PURE COTTON</AnswerValue>
                <AnswerValue Name="ITALIANO">PURO COTONE</AnswerValue>
              </AnswerValues>
              <AnswerPrefix />
              <AnswerSuffix />
              <AnswerTranslations />
            </Answer>
          </Variable>
          <Variable Section="Var" AnswerType="Text" QuestionID="11143507" Question="Department">
            <Answer>
              <AnswerID />
              <AnswerValues>
                <AnswerValue Name="">289</AnswerValue>
              </AnswerValues>
              <AnswerPrefix />
              <AnswerSuffix />
              <AnswerTranslations>
                <Translation Language="En" Value="289" />
              </AnswerTranslations>
            </Answer>
          </Variable>
          <Variable Section="Var" AnswerType="Text" QuestionID="11143508" Question="Style Code">
            <Answer>
              <AnswerID />
              <AnswerValues>
                <AnswerValue Name="">2417973</AnswerValue>
              </AnswerValues>
              <AnswerPrefix />
              <AnswerSuffix />
              <AnswerTranslations>
                <Translation Language="En" Value="2417973" />
              </AnswerTranslations>
            </Answer>
          </Variable>
          <Variable Section="Var" AnswerType="Text" QuestionID="11143509" Question="Sub Department">
            <Answer>
              <AnswerID />
              <AnswerValues>
                <AnswerValue Name="">4994</AnswerValue>
              </AnswerValues>
              <AnswerPrefix />
              <AnswerSuffix />
              <AnswerTranslations>
                <Translation Language="En" Value="4994" />
              </AnswerTranslations>
            </Answer>
          </Variable>
          <Variable Section="Var" AnswerType="Text" QuestionID="11143510" Question="Supplier Style">
            <Answer>
              <AnswerID />
              <AnswerValues>
                <AnswerValue Name="">252TSHSUPERMAN1-289</AnswerValue>
              </AnswerValues>
              <AnswerPrefix />
              <AnswerSuffix />
              <AnswerTranslations>
                <Translation Language="En" Value="252TSHSUPERMAN1-289" />
              </AnswerTranslations>
            </Answer>
          </Variable>
          <Variable Section="Var" AnswerType="Lookup List" LookupListType="Attributes" QuestionID="11143511" Question="Currency">
            <Answer>
              <AnswerID>24440</AnswerID>
              <AnswerValues>
                <AnswerValue Name="Currency">EUR</AnswerValue>
                <AnswerValue Name="Symbol">€</AnswerValue>
              </AnswerValues>
              <AnswerPrefix />
              <AnswerSuffix />
              <AnswerTranslations />
            </Answer>
          </Variable>
        </Variables>
      </Item>
      <Item>
        <ItemID>7056832</ItemID>
        <VariantName>J. HART &amp; BROS HERITAGE TAG-0030</VariantName>
        <Quantity>360</Quantity>
        <SizeChartItem Id="11143501" Value="J. HART &amp; BROS HERITAGE TAG-0030" SizeChartName="6101,6102,6103,6195 - J. HART &amp; BROS HERITAGE TAG">
          <Size Name="IT" Value="L" />
          <Size Name="EUR" Value="L" />
        </SizeChartItem>
        <Variables>
          <Variable Section="Var" AnswerType="Text" QuestionID="11143499" Question="Season Code">
            <Answer>
              <AnswerID />
              <AnswerValues>
                <AnswerValue Name="">S25</AnswerValue>
              </AnswerValues>
              <AnswerPrefix />
              <AnswerSuffix />
              <AnswerTranslations>
                <Translation Language="En" Value="S25" />
              </AnswerTranslations>
            </Answer>
          </Variable>
          <Variable Section="Var" AnswerType="Barcode" QuestionID="11143498" Question="Barcode Number">
            <Answer>
              <AnswerID />
              <AnswerValues>
                <AnswerValue Name="">8053145663700</AnswerValue>
              </AnswerValues>
              <AnswerPrefix />
              <AnswerSuffix />
              <AnswerTranslations>
                <Translation Language="En" Value="8053145663700" />
              </AnswerTranslations>
            </Answer>
          </Variable>
          <Variable Section="Var" AnswerType="Text" QuestionID="11143500" Question="Selling Price">
            <Answer>
              <AnswerID />
              <AnswerValues>
                <AnswerValue Name="">16,95</AnswerValue>
              </AnswerValues>
              <AnswerPrefix />
              <AnswerSuffix />
              <AnswerTranslations>
                <Translation Language="En" Value="16,95" />
              </AnswerTranslations>
            </Answer>
          </Variable>
          <Variable Section="Var" AnswerType="Text" QuestionID="11143502" Question="SKU Code">
            <Answer>
              <AnswerID />
              <AnswerValues>
                <AnswerValue Name="">2417975</AnswerValue>
              </AnswerValues>
              <AnswerPrefix />
              <AnswerSuffix />
              <AnswerTranslations>
                <Translation Language="En" Value="2417975" />
              </AnswerTranslations>
            </Answer>
          </Variable>
          <Variable Section="Var" AnswerType="Text" QuestionID="11143503" Question="Commercial Ref">
            <Answer>
              <AnswerID />
              <AnswerValues>
                <AnswerValue Name="">PR408 - AI06</AnswerValue>
              </AnswerValues>
              <AnswerPrefix />
              <AnswerSuffix />
              <AnswerTranslations>
                <Translation Language="En" Value="PR408 - AI06" />
              </AnswerTranslations>
            </Answer>
          </Variable>
          <Variable Section="Var" AnswerType="Lookup List" LookupListType="Variable" QuestionID="11143504" Question="Country">
            <Answer>
              <AnswerID>28111</AnswerID>
              <AnswerValues>
                <AnswerValue Name="Name">ITALY</AnswerValue>
              </AnswerValues>
              <AnswerPrefix />
              <AnswerSuffix />
              <AnswerTranslations />
            </Answer>
          </Variable>
          <Variable Section="Var" AnswerType="Text" QuestionID="11143505" Question="Color">
            <Answer>
              <AnswerID />
              <AnswerValues>
                <AnswerValue Name="">PAGEANT BLUE</AnswerValue>
              </AnswerValues>
              <AnswerPrefix />
              <AnswerSuffix />
              <AnswerTranslations>
                <Translation Language="En" Value="PAGEANT BLUE" />
              </AnswerTranslations>
            </Answer>
          </Variable>
          <Variable Section="Var" AnswerType="Lookup List" LookupListType="Small Tag Code Chart" QuestionID="11143506" Question="Translation Code">
            <Answer>
              <AnswerID>28255</AnswerID>
              <AnswerValues>
                <AnswerValue Name="ENGLISH">PURE COTTON</AnswerValue>
                <AnswerValue Name="ITALIANO">PURO COTONE</AnswerValue>
              </AnswerValues>
              <AnswerPrefix />
              <AnswerSuffix />
              <AnswerTranslations />
            </Answer>
          </Variable>
          <Variable Section="Var" AnswerType="Text" QuestionID="11143507" Question="Department">
            <Answer>
              <AnswerID />
              <AnswerValues>
                <AnswerValue Name="">289</AnswerValue>
              </AnswerValues>
              <AnswerPrefix />
              <AnswerSuffix />
              <AnswerTranslations>
                <Translation Language="En" Value="289" />
              </AnswerTranslations>
            </Answer>
          </Variable>
          <Variable Section="Var" AnswerType="Text" QuestionID="11143508" Question="Style Code">
            <Answer>
              <AnswerID />
              <AnswerValues>
                <AnswerValue Name="">2417973</AnswerValue>
              </AnswerValues>
              <AnswerPrefix />
              <AnswerSuffix />
              <AnswerTranslations>
                <Translation Language="En" Value="2417973" />
              </AnswerTranslations>
            </Answer>
          </Variable>
          <Variable Section="Var" AnswerType="Text" QuestionID="11143509" Question="Sub Department">
            <Answer>
              <AnswerID />
              <AnswerValues>
                <AnswerValue Name="">4994</AnswerValue>
              </AnswerValues>
              <AnswerPrefix />
              <AnswerSuffix />
              <AnswerTranslations>
                <Translation Language="En" Value="4994" />
              </AnswerTranslations>
            </Answer>
          </Variable>
          <Variable Section="Var" AnswerType="Text" QuestionID="11143510" Question="Supplier Style">
            <Answer>
              <AnswerID />
              <AnswerValues>
                <AnswerValue Name="">252TSHSUPERMAN1-289</AnswerValue>
              </AnswerValues>
              <AnswerPrefix />
              <AnswerSuffix />
              <AnswerTranslations>
                <Translation Language="En" Value="252TSHSUPERMAN1-289" />
              </AnswerTranslations>
            </Answer>
          </Variable>
          <Variable Section="Var" AnswerType="Lookup List" LookupListType="Attributes" QuestionID="11143511" Question="Currency">
            <Answer>
              <AnswerID>24440</AnswerID>
              <AnswerValues>
                <AnswerValue Name="Currency">EUR</AnswerValue>
                <AnswerValue Name="Symbol">€</AnswerValue>
              </AnswerValues>
              <AnswerPrefix />
              <AnswerSuffix />
              <AnswerTranslations />
            </Answer>
          </Variable>
        </Variables>
      </Item>
      <Item>
        <ItemID>7056833</ItemID>
        <VariantName>J. HART &amp; BROS HERITAGE TAG-0040</VariantName>
        <Quantity>280</Quantity>
        <SizeChartItem Id="11143501" Value="J. HART &amp; BROS HERITAGE TAG-0040" SizeChartName="6101,6102,6103,6195 - J. HART &amp; BROS HERITAGE TAG">
          <Size Name="IT" Value="XL" />
          <Size Name="EUR" Value="XL" />
        </SizeChartItem>
        <Variables>
          <Variable Section="Var" AnswerType="Text" QuestionID="11143499" Question="Season Code">
            <Answer>
              <AnswerID />
              <AnswerValues>
                <AnswerValue Name="">S25</AnswerValue>
              </AnswerValues>
              <AnswerPrefix />
              <AnswerSuffix />
              <AnswerTranslations>
                <Translation Language="En" Value="S25" />
              </AnswerTranslations>
            </Answer>
          </Variable>
          <Variable Section="Var" AnswerType="Barcode" QuestionID="11143498" Question="Barcode Number">
            <Answer>
              <AnswerID />
              <AnswerValues>
                <AnswerValue Name="">8053145663717</AnswerValue>
              </AnswerValues>
              <AnswerPrefix />
              <AnswerSuffix />
              <AnswerTranslations>
                <Translation Language="En" Value="8053145663717" />
              </AnswerTranslations>
            </Answer>
          </Variable>
          <Variable Section="Var" AnswerType="Text" QuestionID="11143500" Question="Selling Price">
            <Answer>
              <AnswerID />
              <AnswerValues>
                <AnswerValue Name="">16,95</AnswerValue>
              </AnswerValues>
              <AnswerPrefix />
              <AnswerSuffix />
              <AnswerTranslations>
                <Translation Language="En" Value="16,95" />
              </AnswerTranslations>
            </Answer>
          </Variable>
          <Variable Section="Var" AnswerType="Text" QuestionID="11143502" Question="SKU Code">
            <Answer>
              <AnswerID />
              <AnswerValues>
                <AnswerValue Name="">2417976</AnswerValue>
              </AnswerValues>
              <AnswerPrefix />
              <AnswerSuffix />
              <AnswerTranslations>
                <Translation Language="En" Value="2417976" />
              </AnswerTranslations>
            </Answer>
          </Variable>
          <Variable Section="Var" AnswerType="Text" QuestionID="11143503" Question="Commercial Ref">
            <Answer>
              <AnswerID />
              <AnswerValues>
                <AnswerValue Name="">PR408 - AI06</AnswerValue>
              </AnswerValues>
              <AnswerPrefix />
              <AnswerSuffix />
              <AnswerTranslations>
                <Translation Language="En" Value="PR408 - AI06" />
              </AnswerTranslations>
            </Answer>
          </Variable>
          <Variable Section="Var" AnswerType="Lookup List" LookupListType="Variable" QuestionID="11143504" Question="Country">
            <Answer>
              <AnswerID>28111</AnswerID>
              <AnswerValues>
                <AnswerValue Name="Name">ITALY</AnswerValue>
              </AnswerValues>
              <AnswerPrefix />
              <AnswerSuffix />
              <AnswerTranslations />
            </Answer>
          </Variable>
          <Variable Section="Var" AnswerType="Text" QuestionID="11143505" Question="Color">
            <Answer>
              <AnswerID />
              <AnswerValues>
                <AnswerValue Name="">PAGEANT BLUE</AnswerValue>
              </AnswerValues>
              <AnswerPrefix />
              <AnswerSuffix />
              <AnswerTranslations>
                <Translation Language="En" Value="PAGEANT BLUE" />
              </AnswerTranslations>
            </Answer>
          </Variable>
          <Variable Section="Var" AnswerType="Lookup List" LookupListType="Small Tag Code Chart" QuestionID="11143506" Question="Translation Code">
            <Answer>
              <AnswerID>28255</AnswerID>
              <AnswerValues>
                <AnswerValue Name="ENGLISH">PURE COTTON</AnswerValue>
                <AnswerValue Name="ITALIANO">PURO COTONE</AnswerValue>
              </AnswerValues>
              <AnswerPrefix />
              <AnswerSuffix />
              <AnswerTranslations />
            </Answer>
          </Variable>
          <Variable Section="Var" AnswerType="Text" QuestionID="11143507" Question="Department">
            <Answer>
              <AnswerID />
              <AnswerValues>
                <AnswerValue Name="">289</AnswerValue>
              </AnswerValues>
              <AnswerPrefix />
              <AnswerSuffix />
              <AnswerTranslations>
                <Translation Language="En" Value="289" />
              </AnswerTranslations>
            </Answer>
          </Variable>
          <Variable Section="Var" AnswerType="Text" QuestionID="11143508" Question="Style Code">
            <Answer>
              <AnswerID />
              <AnswerValues>
                <AnswerValue Name="">2417973</AnswerValue>
              </AnswerValues>
              <AnswerPrefix />
              <AnswerSuffix />
              <AnswerTranslations>
                <Translation Language="En" Value="2417973" />
              </AnswerTranslations>
            </Answer>
          </Variable>
          <Variable Section="Var" AnswerType="Text" QuestionID="11143509" Question="Sub Department">
            <Answer>
              <AnswerID />
              <AnswerValues>
                <AnswerValue Name="">4994</AnswerValue>
              </AnswerValues>
              <AnswerPrefix />
              <AnswerSuffix />
              <AnswerTranslations>
                <Translation Language="En" Value="4994" />
              </AnswerTranslations>
            </Answer>
          </Variable>
          <Variable Section="Var" AnswerType="Text" QuestionID="11143510" Question="Supplier Style">
            <Answer>
              <AnswerID />
              <AnswerValues>
                <AnswerValue Name="">252TSHSUPERMAN1-289</AnswerValue>
              </AnswerValues>
              <AnswerPrefix />
              <AnswerSuffix />
              <AnswerTranslations>
                <Translation Language="En" Value="252TSHSUPERMAN1-289" />
              </AnswerTranslations>
            </Answer>
          </Variable>
          <Variable Section="Var" AnswerType="Lookup List" LookupListType="Attributes" QuestionID="11143511" Question="Currency">
            <Answer>
              <AnswerID>24440</AnswerID>
              <AnswerValues>
                <AnswerValue Name="Currency">EUR</AnswerValue>
                <AnswerValue Name="Symbol">€</AnswerValue>
              </AnswerValues>
              <AnswerPrefix />
              <AnswerSuffix />
              <AnswerTranslations />
            </Answer>
          </Variable>
        </Variables>
      </Item>
      <Item>
        <ItemID>7056834</ItemID>
        <VariantName>J. HART &amp; BROS HERITAGE TAG-0050</VariantName>
        <Quantity>220</Quantity>
        <SizeChartItem Id="11143501" Value="J. HART &amp; BROS HERITAGE TAG-0050" SizeChartName="6101,6102,6103,6195 - J. HART &amp; BROS HERITAGE TAG">
          <Size Name="IT" Value="XXL" />
          <Size Name="EUR" Value="XXL" />
        </SizeChartItem>
        <Variables>
          <Variable Section="Var" AnswerType="Text" QuestionID="11143499" Question="Season Code">
            <Answer>
              <AnswerID />
              <AnswerValues>
                <AnswerValue Name="">S25</AnswerValue>
              </AnswerValues>
              <AnswerPrefix />
              <AnswerSuffix />
              <AnswerTranslations>
                <Translation Language="En" Value="S25" />
              </AnswerTranslations>
            </Answer>
          </Variable>
          <Variable Section="Var" AnswerType="Barcode" QuestionID="11143498" Question="Barcode Number">
            <Answer>
              <AnswerID />
              <AnswerValues>
                <AnswerValue Name="">8053145663724</AnswerValue>
              </AnswerValues>
              <AnswerPrefix />
              <AnswerSuffix />
              <AnswerTranslations>
                <Translation Language="En" Value="8053145663724" />
              </AnswerTranslations>
            </Answer>
          </Variable>
          <Variable Section="Var" AnswerType="Text" QuestionID="11143500" Question="Selling Price">
            <Answer>
              <AnswerID />
              <AnswerValues>
                <AnswerValue Name="">16,95</AnswerValue>
              </AnswerValues>
              <AnswerPrefix />
              <AnswerSuffix />
              <AnswerTranslations>
                <Translation Language="En" Value="16,95" />
              </AnswerTranslations>
            </Answer>
          </Variable>
          <Variable Section="Var" AnswerType="Text" QuestionID="11143502" Question="SKU Code">
            <Answer>
              <AnswerID />
              <AnswerValues>
                <AnswerValue Name="">2417977</AnswerValue>
              </AnswerValues>
              <AnswerPrefix />
              <AnswerSuffix />
              <AnswerTranslations>
                <Translation Language="En" Value="2417977" />
              </AnswerTranslations>
            </Answer>
          </Variable>
          <Variable Section="Var" AnswerType="Text" QuestionID="11143503" Question="Commercial Ref">
            <Answer>
              <AnswerID />
              <AnswerValues>
                <AnswerValue Name="">PR408 - AI06</AnswerValue>
              </AnswerValues>
              <AnswerPrefix />
              <AnswerSuffix />
              <AnswerTranslations>
                <Translation Language="En" Value="PR408 - AI06" />
              </AnswerTranslations>
            </Answer>
          </Variable>
          <Variable Section="Var" AnswerType="Lookup List" LookupListType="Variable" QuestionID="11143504" Question="Country">
            <Answer>
              <AnswerID>28111</AnswerID>
              <AnswerValues>
                <AnswerValue Name="Name">ITALY</AnswerValue>
              </AnswerValues>
              <AnswerPrefix />
              <AnswerSuffix />
              <AnswerTranslations />
            </Answer>
          </Variable>
          <Variable Section="Var" AnswerType="Text" QuestionID="11143505" Question="Color">
            <Answer>
              <AnswerID />
              <AnswerValues>
                <AnswerValue Name="">PAGEANT BLUE</AnswerValue>
              </AnswerValues>
              <AnswerPrefix />
              <AnswerSuffix />
              <AnswerTranslations>
                <Translation Language="En" Value="PAGEANT BLUE" />
              </AnswerTranslations>
            </Answer>
          </Variable>
          <Variable Section="Var" AnswerType="Lookup List" LookupListType="Small Tag Code Chart" QuestionID="11143506" Question="Translation Code">
            <Answer>
              <AnswerID>28255</AnswerID>
              <AnswerValues>
                <AnswerValue Name="ENGLISH">PURE COTTON</AnswerValue>
                <AnswerValue Name="ITALIANO">PURO COTONE</AnswerValue>
              </AnswerValues>
              <AnswerPrefix />
              <AnswerSuffix />
              <AnswerTranslations />
            </Answer>
          </Variable>
          <Variable Section="Var" AnswerType="Text" QuestionID="11143507" Question="Department">
            <Answer>
              <AnswerID />
              <AnswerValues>
                <AnswerValue Name="">289</AnswerValue>
              </AnswerValues>
              <AnswerPrefix />
              <AnswerSuffix />
              <AnswerTranslations>
                <Translation Language="En" Value="289" />
              </AnswerTranslations>
            </Answer>
          </Variable>
          <Variable Section="Var" AnswerType="Text" QuestionID="11143508" Question="Style Code">
            <Answer>
              <AnswerID />
              <AnswerValues>
                <AnswerValue Name="">2417973</AnswerValue>
              </AnswerValues>
              <AnswerPrefix />
              <AnswerSuffix />
              <AnswerTranslations>
                <Translation Language="En" Value="2417973" />
              </AnswerTranslations>
            </Answer>
          </Variable>
          <Variable Section="Var" AnswerType="Text" QuestionID="11143509" Question="Sub Department">
            <Answer>
              <AnswerID />
              <AnswerValues>
                <AnswerValue Name="">4994</AnswerValue>
              </AnswerValues>
              <AnswerPrefix />
              <AnswerSuffix />
              <AnswerTranslations>
                <Translation Language="En" Value="4994" />
              </AnswerTranslations>
            </Answer>
          </Variable>
          <Variable Section="Var" AnswerType="Text" QuestionID="11143510" Question="Supplier Style">
            <Answer>
              <AnswerID />
              <AnswerValues>
                <AnswerValue Name="">252TSHSUPERMAN1-289</AnswerValue>
              </AnswerValues>
              <AnswerPrefix />
              <AnswerSuffix />
              <AnswerTranslations>
                <Translation Language="En" Value="252TSHSUPERMAN1-289" />
              </AnswerTranslations>
            </Answer>
          </Variable>
          <Variable Section="Var" AnswerType="Lookup List" LookupListType="Attributes" QuestionID="11143511" Question="Currency">
            <Answer>
              <AnswerID>24440</AnswerID>
              <AnswerValues>
                <AnswerValue Name="Currency">EUR</AnswerValue>
                <AnswerValue Name="Symbol">€</AnswerValue>
              </AnswerValues>
              <AnswerPrefix />
              <AnswerSuffix />
              <AnswerTranslations />
            </Answer>
          </Variable>
        </Variables>
      </Item>
    </OrderItem>
  </OrderItems>
</Order>