﻿<?xml version="1.0" encoding="utf-8"?>
<Order xmlns:xsd="http://www.w3.org/2001/XMLSchema" xmlns:xsi="http://www.w3.org/2001/XMLSchema-instance">
  <OrderStatus>Cancelled</OrderStatus>
  <SubStatus />
  <ArtworkRequired>True</ArtworkRequired>
  <ArtworkStatus>Approved</ArtworkStatus>
  <Site>ovs.bgpconnect.com</Site>
  <OrderID>B0604205</OrderID>
  <OrderLink>https://ovs.bgpconnect.com/Order?orderId=604205</OrderLink>
  <CustomerID>1583</CustomerID>
  <CustomerName>AKR INDUSTRIES PRIVATE LIMITED</CustomerName>
  <CustomerEmail>jegadish@akrind.com</CustomerEmail>
  <CreatedDate>01/02/2025 10:04</CreatedDate>
  <CustomerRef>FONO-516,526,527,528,536,560,561</CustomerRef>
  <RequiredDate>13/02/2025</RequiredDate>
  <OrderedFromLocationID>india</OrderedFromLocationID>
  <OrderedFromLocation>Sainmarks Industries India Private Ltd</OrderedFromLocation>
  <InvoiceLocation>
    <LocationID>1783</LocationID>
    <LocationName>AKR IND PVT LTD</LocationName>
    <AddressLine1>2/385 G</AddressLine1>
    <AddressLine2>MUMMOORTHY NAGAR</AddressLine2>
    <AddressLine3>PN ROAD</AddressLine3>
    <City>TIRUPUR</City>
    <PostCode>641602</PostCode>
    <isoCountryCode>IN</isoCountryCode>
  </InvoiceLocation>
  <DeliveryLocation>
    <LocationID>1783</LocationID>
    <LocationName>AKR IND PVT LTD</LocationName>
    <AddressLine1>2/385 G</AddressLine1>
    <AddressLine2>MUMMOORTHY NAGAR</AddressLine2>
    <AddressLine3>PN ROAD</AddressLine3>
    <City>TIRUPUR</City>
    <PostCode>641602</PostCode>
    <isoCountryCode>IN</isoCountryCode>
  </DeliveryLocation>
  <OrderItems>
    <OrderItem>
      <OrderItemID>920487</OrderItemID>
      <PurchaseOrder>
        <Reference />
      </PurchaseOrder>
      <Asset Id="10766">
        <Name>ATU14</Name>
        <Description>OEKO-TEX-ATU14-45X45MM</Description>
        <Codes>
          <Code Name="BPC" Value="TAG006402" />
        </Codes>
        <ProductTypes>
          <ProductType Domain="Retailer">Additional Tag</ProductType>
          <ProductType Domain="Britannia">Graphic Swing Ticket</ProductType>
        </ProductTypes>
      </Asset>
      <Item>
        <ItemID>7017736</ItemID>
        <Quantity>74811</Quantity>
        <SizeChartItem Id="0" />
        <Variables />
      </Item>
    </OrderItem>
  </OrderItems>
</Order>