﻿<?xml version="1.0" encoding="utf-8"?>
<Order xmlns:xsd="http://www.w3.org/2001/XMLSchema" xmlns:xsi="http://www.w3.org/2001/XMLSchema-instance">
  <OrderStatus>Released</OrderStatus>
  <SubStatus />
  <ArtworkRequired>False</ArtworkRequired>
  <ArtworkStatus />
  <Site>ovs.bgpconnect.com</Site>
  <OrderID>B0608761</OrderID>
  <OrderLink>https://ovs.bgpconnect.com/Order?orderId=608761</OrderLink>
  <CustomerID>1754</CustomerID>
  <CustomerName>S.K.L. EXPORTS</CustomerName>
  <CustomerEmail>trims@sklexports.com</CustomerEmail>
  <CreatedDate>10/02/2025 01:21</CreatedDate>
  <CustomerRef>PO NO :7786</CustomerRef>
  <RequiredDate>14/02/2025</RequiredDate>
  <OrderedFromLocationID>india</OrderedFromLocationID>
  <OrderedFromLocation>Sainmarks Industries India Private Ltd</OrderedFromLocation>
  <InvoiceLocation>
    <LocationID>1989</LocationID>
    <LocationName>S.K.L. EXPORTS</LocationName>
    <AddressLine1>SF NO : 396/2E, 291/1C, MAHA VISHNU NAGAR</AddressLine1>
    <AddressLine2>ANGERIPALAYAM ROAD,</AddressLine2>
    <AddressLine3>TIRUPUR</AddressLine3>
    <City />
    <PostCode>641603</PostCode>
    <isoCountryCode>IN</isoCountryCode>
  </InvoiceLocation>
  <DeliveryLocation>
    <LocationID>1989</LocationID>
    <LocationName>S.K.L. EXPORTS</LocationName>
    <AddressLine1>SF NO : 396/2E, 291/1C, MAHA VISHNU NAGAR</AddressLine1>
    <AddressLine2>ANGERIPALAYAM ROAD,</AddressLine2>
    <AddressLine3>TIRUPUR</AddressLine3>
    <City />
    <PostCode>641603</PostCode>
    <isoCountryCode>IN</isoCountryCode>
  </DeliveryLocation>
  <OrderItems>
    <OrderItem>
      <OrderItemID>927073</OrderItemID>
      <PurchaseOrder>
        <Reference />
      </PurchaseOrder>
      <Asset Id="10094">
        <Name>LB3</Name>
        <Description>NEW BLUKIDS-M/L-LB3-30X30MM</Description>
        <Codes>
          <Code Name="BPC" Value="WOV0014801" />
        </Codes>
        <ProductTypes>
          <ProductType Domain="Retailer">Woven Label</ProductType>
          <ProductType Domain="Britannia">Woven Label</ProductType>
        </ProductTypes>
      </Asset>
      <Item>
        <ItemID>7066846</ItemID>
        <Quantity>50</Quantity>
        <SizeChartItem Id="0" />
        <Variables>
          <Variable Section="Var" AnswerType="Lookup List" LookupListType="Variable" QuestionID="11175857" Question="Country">
            <Answer>
              <AnswerID>28125</AnswerID>
              <AnswerValues>
                <AnswerValue Name="Name">UPIM</AnswerValue>
              </AnswerValues>
              <AnswerPrefix />
              <AnswerSuffix />
              <AnswerTranslations />
            </Answer>
          </Variable>
          <Variable Section="Var" AnswerType="Text" QuestionID="11175858" Question="Supplier Style">
            <Answer>
              <AnswerID />
              <AnswerValues>
                <AnswerValue Name="">252TSH067-6155</AnswerValue>
              </AnswerValues>
              <AnswerPrefix />
              <AnswerSuffix />
              <AnswerTranslations>
                <Translation Language="En" Value="252TSH067-6155" />
              </AnswerTranslations>
            </Answer>
          </Variable>
        </Variables>
      </Item>
    </OrderItem>
  </OrderItems>
</Order>