﻿<?xml version="1.0" encoding="utf-8"?>
<Order xmlns:xsd="http://www.w3.org/2001/XMLSchema" xmlns:xsi="http://www.w3.org/2001/XMLSchema-instance">
  <OrderStatus>Cancelled</OrderStatus>
  <SubStatus />
  <ArtworkRequired>True</ArtworkRequired>
  <ArtworkStatus>Approved</ArtworkStatus>
  <Site>ovs.bgpconnect.com</Site>
  <OrderID>B0558259</OrderID>
  <OrderLink>https://ovs.bgpconnect.com/Order?orderId=558259</OrderLink>
  <CustomerID>1583</CustomerID>
  <CustomerName>AKR INDUSTRIES PRIVATE LIMITED</CustomerName>
  <CustomerEmail>jegadish@akrind.com</CustomerEmail>
  <CreatedDate>07/11/2024 07:54</CreatedDate>
  <CustomerRef>251TSH090-6155/BK HANGER/PO#13527/24</CustomerRef>
  <RequiredDate>20/11/2024</RequiredDate>
  <OrderedFromLocationID>india</OrderedFromLocationID>
  <OrderedFromLocation>Sainmarks Industries India Private Ltd</OrderedFromLocation>
  <InvoiceLocation>
    <LocationID>1783</LocationID>
    <LocationName>AKR IND PVT LTD</LocationName>
    <AddressLine1>2/385 G</AddressLine1>
    <AddressLine2>MUMMOORTHY NAGAR</AddressLine2>
    <AddressLine3>PN ROAD</AddressLine3>
    <City>TIRUPUR</City>
    <PostCode>641602</PostCode>
    <isoCountryCode>IN</isoCountryCode>
  </InvoiceLocation>
  <DeliveryLocation>
    <LocationID>1783</LocationID>
    <LocationName>AKR IND PVT LTD</LocationName>
    <AddressLine1>2/385 G</AddressLine1>
    <AddressLine2>MUMMOORTHY NAGAR</AddressLine2>
    <AddressLine3>PN ROAD</AddressLine3>
    <City>TIRUPUR</City>
    <PostCode>641602</PostCode>
    <isoCountryCode>IN</isoCountryCode>
  </DeliveryLocation>
  <OrderItems>
    <OrderItem>
      <OrderItemID>852425</OrderItemID>
      <PurchaseOrder>
        <Reference />
      </PurchaseOrder>
      <Asset Id="12636">
        <Name>2AH35</Name>
        <Description>BLUKIDS HANGER-2AH35-350X213 MM</Description>
        <Codes>
          <Code Name="BPC" Value="TAG007439" />
        </Codes>
        <ProductTypes>
          <ProductType Domain="Retailer">Packaging</ProductType>
          <ProductType Domain="Britannia">Printed Packaging</ProductType>
        </ProductTypes>
      </Asset>
      <Item>
        <ItemID>6521419</ItemID>
        <Quantity>3691</Quantity>
        <SizeChartItem Id="0" />
        <Variables />
      </Item>
    </OrderItem>
  </OrderItems>
</Order>