﻿<?xml version="1.0" encoding="utf-8"?>
<Order xmlns:xsd="http://www.w3.org/2001/XMLSchema" xmlns:xsi="http://www.w3.org/2001/XMLSchema-instance">
  <OrderStatus>Released</OrderStatus>
  <SubStatus />
  <ArtworkRequired>True</ArtworkRequired>
  <ArtworkStatus>Approved</ArtworkStatus>
  <Site>ovs.bgpconnect.com</Site>
  <OrderID>B0460759</OrderID>
  <OrderLink>https://ovs.bgpconnect.com/Order?orderId=460759</OrderLink>
  <CustomerID>2193</CustomerID>
  <CustomerName>TEST1</CustomerName>
  <CustomerEmail>ovs@sainmarks.com</CustomerEmail>
  <CreatedDate>30/04/2024 05:53</CreatedDate>
  <CustomerRef>MANOVIN</CustomerRef>
  <RequiredDate>02/05/2024</RequiredDate>
  <OrderedFromLocationID>india</OrderedFromLocationID>
  <OrderedFromLocation>Sainmarks Industries India Private Ltd</OrderedFromLocation>
  <InvoiceLocation>
    <LocationID>2769</LocationID>
    <LocationName>test</LocationName>
    <AddressLine1>test adress</AddressLine1>
    <AddressLine2 />
    <AddressLine3 />
    <City />
    <PostCode />
    <isoCountryCode>GB</isoCountryCode>
  </InvoiceLocation>
  <DeliveryLocation>
    <LocationID>2769</LocationID>
    <LocationName>test</LocationName>
    <AddressLine1>test adress</AddressLine1>
    <AddressLine2 />
    <AddressLine3 />
    <City />
    <PostCode />
    <isoCountryCode>GB</isoCountryCode>
  </DeliveryLocation>
  <OrderItems>
    <OrderItem>
      <OrderItemID>702961</OrderItemID>
      <PurchaseOrder>
        <Reference />
      </PurchaseOrder>
      <Asset Id="12243">
        <Name>IMPORTERS LABEL-67X25MM</Name>
        <Description>IMPORTERS LABEL-67X25MM</Description>
        <Codes>
          <Code Name="BPC" Value="PFL003812" />
        </Codes>
        <ProductTypes>
          <ProductType Domain="Retailer">Woven Label</ProductType>
          <ProductType Domain="Britannia">Woven Label</ProductType>
        </ProductTypes>
      </Asset>
      <Item>
        <ItemID>5399151</ItemID>
        <Quantity>100</Quantity>
        <SizeChartItem Id="0" />
        <Variables />
      </Item>
    </OrderItem>
  </OrderItems>
</Order>