﻿<?xml version="1.0" encoding="utf-8"?>
<Order xmlns:xsd="http://www.w3.org/2001/XMLSchema" xmlns:xsi="http://www.w3.org/2001/XMLSchema-instance">
  <OrderStatus>Cancelled</OrderStatus>
  <SubStatus />
  <ArtworkRequired>True</ArtworkRequired>
  <ArtworkStatus>Approved</ArtworkStatus>
  <Site>ovs.bgpconnect.com</Site>
  <OrderID>B0593263</OrderID>
  <OrderLink>https://ovs.bgpconnect.com/Order?orderId=593263</OrderLink>
  <CustomerID>1758</CustomerID>
  <CustomerName>S.M FASHION WEAR</CustomerName>
  <CustomerEmail>ruban@smfashionwear.com</CustomerEmail>
  <CreatedDate>11/01/2025 10:56</CreatedDate>
  <CustomerRef>barcode tag -dress blue</CustomerRef>
  <RequiredDate>17/01/2025</RequiredDate>
  <OrderedFromLocationID>india</OrderedFromLocationID>
  <OrderedFromLocation>Sainmarks Industries India Private Ltd</OrderedFromLocation>
  <InvoiceLocation>
    <LocationID>1993</LocationID>
    <LocationName>S.M FASHION WEAR</LocationName>
    <AddressLine1>S.F.NO.608/2B 1B,SIVASAKTHI NAGAR II CROSS,</AddressLine1>
    <AddressLine2>NEAR SEVANTHAMPALAYAM,MUTHNAMPALAYAM(PO),</AddressLine2>
    <AddressLine3>TIRUPUR</AddressLine3>
    <City />
    <PostCode>641608</PostCode>
    <isoCountryCode>IN</isoCountryCode>
  </InvoiceLocation>
  <DeliveryLocation>
    <LocationID>1993</LocationID>
    <LocationName>S.M FASHION WEAR</LocationName>
    <AddressLine1>S.F.NO.608/2B 1B,SIVASAKTHI NAGAR II CROSS,</AddressLine1>
    <AddressLine2>NEAR SEVANTHAMPALAYAM,MUTHNAMPALAYAM(PO),</AddressLine2>
    <AddressLine3>TIRUPUR</AddressLine3>
    <City />
    <PostCode>641608</PostCode>
    <isoCountryCode>IN</isoCountryCode>
  </DeliveryLocation>
  <OrderItems>
    <OrderItem>
      <OrderItemID>904150</OrderItemID>
      <PurchaseOrder>
        <Reference />
      </PurchaseOrder>
      <Asset Id="11768">
        <Name>PRT1</Name>
        <Description>PRIVACY PRICE TAG PRT1-45X90MM</Description>
        <Codes>
          <Code Name="BPC" Value="TAG007076" />
        </Codes>
        <ProductTypes>
          <ProductType Domain="Retailer">Clothing tag</ProductType>
          <ProductType Domain="Britannia">Variable Data Swing Ticket</ProductType>
        </ProductTypes>
      </Asset>
      <Item>
        <ItemID>6900873</ItemID>
        <VariantName>J. HART &amp; BROS HERITAGE TAG-0010</VariantName>
        <Quantity>145</Quantity>
        <SizeChartItem Id="10892278" Value="J. HART &amp; BROS HERITAGE TAG-0010" SizeChartName="6101,6102,6103,6195 - J. HART &amp; BROS HERITAGE TAG">
          <Size Name="IT" Value="S" />
          <Size Name="EUR" Value="S" />
        </SizeChartItem>
        <Variables>
          <Variable Section="Var" AnswerType="Lookup List" LookupListType="Attributes" QuestionID="10892280" Question="Currency">
            <Answer>
              <AnswerID>24440</AnswerID>
              <AnswerValues>
                <AnswerValue Name="Currency">EUR</AnswerValue>
                <AnswerValue Name="Symbol">€</AnswerValue>
              </AnswerValues>
              <AnswerPrefix />
              <AnswerSuffix />
              <AnswerTranslations />
            </Answer>
          </Variable>
          <Variable Section="Var" AnswerType="Yes/No" QuestionID="10892282" Question="With String">
            <Answer>
              <AnswerID />
              <AnswerValues>
                <AnswerValue Name="">True</AnswerValue>
              </AnswerValues>
              <AnswerPrefix />
              <AnswerSuffix />
              <AnswerTranslations>
                <Translation Language="En" Value="True" />
              </AnswerTranslations>
            </Answer>
          </Variable>
          <Variable Section="Var" AnswerType="Barcode" QuestionID="10892276" Question="Barcode Number">
            <Answer>
              <AnswerID />
              <AnswerValues>
                <AnswerValue Name="">8054031918188</AnswerValue>
              </AnswerValues>
              <AnswerPrefix />
              <AnswerSuffix />
              <AnswerTranslations>
                <Translation Language="En" Value="8054031918188" />
              </AnswerTranslations>
            </Answer>
          </Variable>
          <Variable Section="Var" AnswerType="Text" QuestionID="10892277" Question="Selling Price">
            <Answer>
              <AnswerID />
              <AnswerValues>
                <AnswerValue Name="">16.99</AnswerValue>
              </AnswerValues>
              <AnswerPrefix />
              <AnswerSuffix />
              <AnswerTranslations>
                <Translation Language="En" Value="16.99" />
              </AnswerTranslations>
            </Answer>
          </Variable>
          <Variable Section="Var" AnswerType="Text" QuestionID="10892279" Question="SKU Code">
            <Answer>
              <AnswerID />
              <AnswerValues>
                <AnswerValue Name="">6458876</AnswerValue>
              </AnswerValues>
              <AnswerPrefix />
              <AnswerSuffix />
              <AnswerTranslations>
                <Translation Language="En" Value="6458876" />
              </AnswerTranslations>
            </Answer>
          </Variable>
          <Variable Section="Var" AnswerType="Text" QuestionID="10892281" Question="Commercial Ref">
            <Answer>
              <AnswerID />
              <AnswerValues>
                <AnswerValue Name="">BASIC155B05</AnswerValue>
              </AnswerValues>
              <AnswerPrefix />
              <AnswerSuffix />
              <AnswerTranslations>
                <Translation Language="En" Value="BASIC155B05" />
              </AnswerTranslations>
            </Answer>
          </Variable>
          <Variable Section="Var" AnswerType="Lookup List" LookupListType="Variable" QuestionID="10892283" Question="Country">
            <Answer>
              <AnswerID>28111</AnswerID>
              <AnswerValues>
                <AnswerValue Name="Name">ITALY</AnswerValue>
              </AnswerValues>
              <AnswerPrefix />
              <AnswerSuffix />
              <AnswerTranslations />
            </Answer>
          </Variable>
          <Variable Section="Var" AnswerType="Text" QuestionID="10892284" Question="Color">
            <Answer>
              <AnswerID />
              <AnswerValues>
                <AnswerValue Name="">DRESS BLUE</AnswerValue>
              </AnswerValues>
              <AnswerPrefix />
              <AnswerSuffix />
              <AnswerTranslations>
                <Translation Language="En" Value="DRESS BLUE" />
              </AnswerTranslations>
            </Answer>
          </Variable>
          <Variable Section="Var" AnswerType="Text" QuestionID="10892285" Question="Department">
            <Answer>
              <AnswerID />
              <AnswerValues>
                <AnswerValue Name="">6199</AnswerValue>
              </AnswerValues>
              <AnswerPrefix />
              <AnswerSuffix />
              <AnswerTranslations>
                <Translation Language="En" Value="6199" />
              </AnswerTranslations>
            </Answer>
          </Variable>
          <Variable Section="Var" AnswerType="Text" QuestionID="10892286" Question="Style Code">
            <Answer>
              <AnswerID />
              <AnswerValues>
                <AnswerValue Name="">6458876</AnswerValue>
              </AnswerValues>
              <AnswerPrefix />
              <AnswerSuffix />
              <AnswerTranslations>
                <Translation Language="En" Value="6458876" />
              </AnswerTranslations>
            </Answer>
          </Variable>
          <Variable Section="Var" AnswerType="Text" QuestionID="10892287" Question="Sub Department">
            <Answer>
              <AnswerID />
              <AnswerValues>
                <AnswerValue Name="">6781</AnswerValue>
              </AnswerValues>
              <AnswerPrefix />
              <AnswerSuffix />
              <AnswerTranslations>
                <Translation Language="En" Value="6781" />
              </AnswerTranslations>
            </Answer>
          </Variable>
          <Variable Section="Var" AnswerType="Text" QuestionID="10892288" Question="Supplier Style">
            <Answer>
              <AnswerID />
              <AnswerValues>
                <AnswerValue Name="">648876</AnswerValue>
              </AnswerValues>
              <AnswerPrefix />
              <AnswerSuffix />
              <AnswerTranslations>
                <Translation Language="En" Value="648876" />
              </AnswerTranslations>
            </Answer>
          </Variable>
          <Variable Section="Var" AnswerType="Lookup List" LookupListType="Variable" QuestionID="10892289" Question="Material Type">
            <Answer>
              <AnswerID>34424</AnswerID>
              <AnswerValues>
                <AnswerValue Name="Italiano">100% COTONE</AnswerValue>
                <AnswerValue Name="English">100% COTTON</AnswerValue>
              </AnswerValues>
              <AnswerPrefix />
              <AnswerSuffix />
              <AnswerTranslations />
            </Answer>
          </Variable>
        </Variables>
      </Item>
      <Item>
        <ItemID>6900885</ItemID>
        <VariantName>J. HART &amp; BROS HERITAGE TAG-0020</VariantName>
        <Quantity>285</Quantity>
        <SizeChartItem Id="10892278" Value="J. HART &amp; BROS HERITAGE TAG-0020" SizeChartName="6101,6102,6103,6195 - J. HART &amp; BROS HERITAGE TAG">
          <Size Name="IT" Value="M" />
          <Size Name="EUR" Value="M" />
        </SizeChartItem>
        <Variables>
          <Variable Section="Var" AnswerType="Lookup List" LookupListType="Attributes" QuestionID="10892280" Question="Currency">
            <Answer>
              <AnswerID>24440</AnswerID>
              <AnswerValues>
                <AnswerValue Name="Currency">EUR</AnswerValue>
                <AnswerValue Name="Symbol">€</AnswerValue>
              </AnswerValues>
              <AnswerPrefix />
              <AnswerSuffix />
              <AnswerTranslations />
            </Answer>
          </Variable>
          <Variable Section="Var" AnswerType="Yes/No" QuestionID="10892282" Question="With String">
            <Answer>
              <AnswerID />
              <AnswerValues>
                <AnswerValue Name="">True</AnswerValue>
              </AnswerValues>
              <AnswerPrefix />
              <AnswerSuffix />
              <AnswerTranslations>
                <Translation Language="En" Value="True" />
              </AnswerTranslations>
            </Answer>
          </Variable>
          <Variable Section="Var" AnswerType="Barcode" QuestionID="10892276" Question="Barcode Number">
            <Answer>
              <AnswerID />
              <AnswerValues>
                <AnswerValue Name="">8054031918195</AnswerValue>
              </AnswerValues>
              <AnswerPrefix />
              <AnswerSuffix />
              <AnswerTranslations>
                <Translation Language="En" Value="8054031918195" />
              </AnswerTranslations>
            </Answer>
          </Variable>
          <Variable Section="Var" AnswerType="Text" QuestionID="10892277" Question="Selling Price">
            <Answer>
              <AnswerID />
              <AnswerValues>
                <AnswerValue Name="">16.99</AnswerValue>
              </AnswerValues>
              <AnswerPrefix />
              <AnswerSuffix />
              <AnswerTranslations>
                <Translation Language="En" Value="16.99" />
              </AnswerTranslations>
            </Answer>
          </Variable>
          <Variable Section="Var" AnswerType="Text" QuestionID="10892279" Question="SKU Code">
            <Answer>
              <AnswerID />
              <AnswerValues>
                <AnswerValue Name="">6458877</AnswerValue>
              </AnswerValues>
              <AnswerPrefix />
              <AnswerSuffix />
              <AnswerTranslations>
                <Translation Language="En" Value="6458877" />
              </AnswerTranslations>
            </Answer>
          </Variable>
          <Variable Section="Var" AnswerType="Text" QuestionID="10892281" Question="Commercial Ref">
            <Answer>
              <AnswerID />
              <AnswerValues>
                <AnswerValue Name="">BASIC155B05</AnswerValue>
              </AnswerValues>
              <AnswerPrefix />
              <AnswerSuffix />
              <AnswerTranslations>
                <Translation Language="En" Value="BASIC155B05" />
              </AnswerTranslations>
            </Answer>
          </Variable>
          <Variable Section="Var" AnswerType="Lookup List" LookupListType="Variable" QuestionID="10892283" Question="Country">
            <Answer>
              <AnswerID>28111</AnswerID>
              <AnswerValues>
                <AnswerValue Name="Name">ITALY</AnswerValue>
              </AnswerValues>
              <AnswerPrefix />
              <AnswerSuffix />
              <AnswerTranslations />
            </Answer>
          </Variable>
          <Variable Section="Var" AnswerType="Text" QuestionID="10892284" Question="Color">
            <Answer>
              <AnswerID />
              <AnswerValues>
                <AnswerValue Name="">DRESS BLUE</AnswerValue>
              </AnswerValues>
              <AnswerPrefix />
              <AnswerSuffix />
              <AnswerTranslations>
                <Translation Language="En" Value="DRESS BLUE" />
              </AnswerTranslations>
            </Answer>
          </Variable>
          <Variable Section="Var" AnswerType="Text" QuestionID="10892285" Question="Department">
            <Answer>
              <AnswerID />
              <AnswerValues>
                <AnswerValue Name="">6199</AnswerValue>
              </AnswerValues>
              <AnswerPrefix />
              <AnswerSuffix />
              <AnswerTranslations>
                <Translation Language="En" Value="6199" />
              </AnswerTranslations>
            </Answer>
          </Variable>
          <Variable Section="Var" AnswerType="Text" QuestionID="10892286" Question="Style Code">
            <Answer>
              <AnswerID />
              <AnswerValues>
                <AnswerValue Name="">6458876</AnswerValue>
              </AnswerValues>
              <AnswerPrefix />
              <AnswerSuffix />
              <AnswerTranslations>
                <Translation Language="En" Value="6458876" />
              </AnswerTranslations>
            </Answer>
          </Variable>
          <Variable Section="Var" AnswerType="Text" QuestionID="10892287" Question="Sub Department">
            <Answer>
              <AnswerID />
              <AnswerValues>
                <AnswerValue Name="">6781</AnswerValue>
              </AnswerValues>
              <AnswerPrefix />
              <AnswerSuffix />
              <AnswerTranslations>
                <Translation Language="En" Value="6781" />
              </AnswerTranslations>
            </Answer>
          </Variable>
          <Variable Section="Var" AnswerType="Text" QuestionID="10892288" Question="Supplier Style">
            <Answer>
              <AnswerID />
              <AnswerValues>
                <AnswerValue Name="">648876</AnswerValue>
              </AnswerValues>
              <AnswerPrefix />
              <AnswerSuffix />
              <AnswerTranslations>
                <Translation Language="En" Value="648876" />
              </AnswerTranslations>
            </Answer>
          </Variable>
          <Variable Section="Var" AnswerType="Lookup List" LookupListType="Variable" QuestionID="10892289" Question="Material Type">
            <Answer>
              <AnswerID>34424</AnswerID>
              <AnswerValues>
                <AnswerValue Name="Italiano">100% COTONE</AnswerValue>
                <AnswerValue Name="English">100% COTTON</AnswerValue>
              </AnswerValues>
              <AnswerPrefix />
              <AnswerSuffix />
              <AnswerTranslations />
            </Answer>
          </Variable>
        </Variables>
      </Item>
      <Item>
        <ItemID>6900886</ItemID>
        <VariantName>J. HART &amp; BROS HERITAGE TAG-0030</VariantName>
        <Quantity>425</Quantity>
        <SizeChartItem Id="10892278" Value="J. HART &amp; BROS HERITAGE TAG-0030" SizeChartName="6101,6102,6103,6195 - J. HART &amp; BROS HERITAGE TAG">
          <Size Name="IT" Value="L" />
          <Size Name="EUR" Value="L" />
        </SizeChartItem>
        <Variables>
          <Variable Section="Var" AnswerType="Lookup List" LookupListType="Attributes" QuestionID="10892280" Question="Currency">
            <Answer>
              <AnswerID>24440</AnswerID>
              <AnswerValues>
                <AnswerValue Name="Currency">EUR</AnswerValue>
                <AnswerValue Name="Symbol">€</AnswerValue>
              </AnswerValues>
              <AnswerPrefix />
              <AnswerSuffix />
              <AnswerTranslations />
            </Answer>
          </Variable>
          <Variable Section="Var" AnswerType="Yes/No" QuestionID="10892282" Question="With String">
            <Answer>
              <AnswerID />
              <AnswerValues>
                <AnswerValue Name="">True</AnswerValue>
              </AnswerValues>
              <AnswerPrefix />
              <AnswerSuffix />
              <AnswerTranslations>
                <Translation Language="En" Value="True" />
              </AnswerTranslations>
            </Answer>
          </Variable>
          <Variable Section="Var" AnswerType="Barcode" QuestionID="10892276" Question="Barcode Number">
            <Answer>
              <AnswerID />
              <AnswerValues>
                <AnswerValue Name="">8054031918201</AnswerValue>
              </AnswerValues>
              <AnswerPrefix />
              <AnswerSuffix />
              <AnswerTranslations>
                <Translation Language="En" Value="8054031918201" />
              </AnswerTranslations>
            </Answer>
          </Variable>
          <Variable Section="Var" AnswerType="Text" QuestionID="10892277" Question="Selling Price">
            <Answer>
              <AnswerID />
              <AnswerValues>
                <AnswerValue Name="">16.99</AnswerValue>
              </AnswerValues>
              <AnswerPrefix />
              <AnswerSuffix />
              <AnswerTranslations>
                <Translation Language="En" Value="16.99" />
              </AnswerTranslations>
            </Answer>
          </Variable>
          <Variable Section="Var" AnswerType="Text" QuestionID="10892279" Question="SKU Code">
            <Answer>
              <AnswerID />
              <AnswerValues>
                <AnswerValue Name="">6458878</AnswerValue>
              </AnswerValues>
              <AnswerPrefix />
              <AnswerSuffix />
              <AnswerTranslations>
                <Translation Language="En" Value="6458878" />
              </AnswerTranslations>
            </Answer>
          </Variable>
          <Variable Section="Var" AnswerType="Text" QuestionID="10892281" Question="Commercial Ref">
            <Answer>
              <AnswerID />
              <AnswerValues>
                <AnswerValue Name="">BASIC155B05</AnswerValue>
              </AnswerValues>
              <AnswerPrefix />
              <AnswerSuffix />
              <AnswerTranslations>
                <Translation Language="En" Value="BASIC155B05" />
              </AnswerTranslations>
            </Answer>
          </Variable>
          <Variable Section="Var" AnswerType="Lookup List" LookupListType="Variable" QuestionID="10892283" Question="Country">
            <Answer>
              <AnswerID>28111</AnswerID>
              <AnswerValues>
                <AnswerValue Name="Name">ITALY</AnswerValue>
              </AnswerValues>
              <AnswerPrefix />
              <AnswerSuffix />
              <AnswerTranslations />
            </Answer>
          </Variable>
          <Variable Section="Var" AnswerType="Text" QuestionID="10892284" Question="Color">
            <Answer>
              <AnswerID />
              <AnswerValues>
                <AnswerValue Name="">DRESS BLUE</AnswerValue>
              </AnswerValues>
              <AnswerPrefix />
              <AnswerSuffix />
              <AnswerTranslations>
                <Translation Language="En" Value="DRESS BLUE" />
              </AnswerTranslations>
            </Answer>
          </Variable>
          <Variable Section="Var" AnswerType="Text" QuestionID="10892285" Question="Department">
            <Answer>
              <AnswerID />
              <AnswerValues>
                <AnswerValue Name="">6199</AnswerValue>
              </AnswerValues>
              <AnswerPrefix />
              <AnswerSuffix />
              <AnswerTranslations>
                <Translation Language="En" Value="6199" />
              </AnswerTranslations>
            </Answer>
          </Variable>
          <Variable Section="Var" AnswerType="Text" QuestionID="10892286" Question="Style Code">
            <Answer>
              <AnswerID />
              <AnswerValues>
                <AnswerValue Name="">6458876</AnswerValue>
              </AnswerValues>
              <AnswerPrefix />
              <AnswerSuffix />
              <AnswerTranslations>
                <Translation Language="En" Value="6458876" />
              </AnswerTranslations>
            </Answer>
          </Variable>
          <Variable Section="Var" AnswerType="Text" QuestionID="10892287" Question="Sub Department">
            <Answer>
              <AnswerID />
              <AnswerValues>
                <AnswerValue Name="">6781</AnswerValue>
              </AnswerValues>
              <AnswerPrefix />
              <AnswerSuffix />
              <AnswerTranslations>
                <Translation Language="En" Value="6781" />
              </AnswerTranslations>
            </Answer>
          </Variable>
          <Variable Section="Var" AnswerType="Text" QuestionID="10892288" Question="Supplier Style">
            <Answer>
              <AnswerID />
              <AnswerValues>
                <AnswerValue Name="">648876</AnswerValue>
              </AnswerValues>
              <AnswerPrefix />
              <AnswerSuffix />
              <AnswerTranslations>
                <Translation Language="En" Value="648876" />
              </AnswerTranslations>
            </Answer>
          </Variable>
          <Variable Section="Var" AnswerType="Lookup List" LookupListType="Variable" QuestionID="10892289" Question="Material Type">
            <Answer>
              <AnswerID>34424</AnswerID>
              <AnswerValues>
                <AnswerValue Name="Italiano">100% COTONE</AnswerValue>
                <AnswerValue Name="English">100% COTTON</AnswerValue>
              </AnswerValues>
              <AnswerPrefix />
              <AnswerSuffix />
              <AnswerTranslations />
            </Answer>
          </Variable>
        </Variables>
      </Item>
      <Item>
        <ItemID>6900887</ItemID>
        <VariantName>J. HART &amp; BROS HERITAGE TAG-0040</VariantName>
        <Quantity>285</Quantity>
        <SizeChartItem Id="10892278" Value="J. HART &amp; BROS HERITAGE TAG-0040" SizeChartName="6101,6102,6103,6195 - J. HART &amp; BROS HERITAGE TAG">
          <Size Name="IT" Value="XL" />
          <Size Name="EUR" Value="XL" />
        </SizeChartItem>
        <Variables>
          <Variable Section="Var" AnswerType="Lookup List" LookupListType="Attributes" QuestionID="10892280" Question="Currency">
            <Answer>
              <AnswerID>24440</AnswerID>
              <AnswerValues>
                <AnswerValue Name="Currency">EUR</AnswerValue>
                <AnswerValue Name="Symbol">€</AnswerValue>
              </AnswerValues>
              <AnswerPrefix />
              <AnswerSuffix />
              <AnswerTranslations />
            </Answer>
          </Variable>
          <Variable Section="Var" AnswerType="Yes/No" QuestionID="10892282" Question="With String">
            <Answer>
              <AnswerID />
              <AnswerValues>
                <AnswerValue Name="">True</AnswerValue>
              </AnswerValues>
              <AnswerPrefix />
              <AnswerSuffix />
              <AnswerTranslations>
                <Translation Language="En" Value="True" />
              </AnswerTranslations>
            </Answer>
          </Variable>
          <Variable Section="Var" AnswerType="Barcode" QuestionID="10892276" Question="Barcode Number">
            <Answer>
              <AnswerID />
              <AnswerValues>
                <AnswerValue Name="">8054031918218</AnswerValue>
              </AnswerValues>
              <AnswerPrefix />
              <AnswerSuffix />
              <AnswerTranslations>
                <Translation Language="En" Value="8054031918218" />
              </AnswerTranslations>
            </Answer>
          </Variable>
          <Variable Section="Var" AnswerType="Text" QuestionID="10892277" Question="Selling Price">
            <Answer>
              <AnswerID />
              <AnswerValues>
                <AnswerValue Name="">16.99</AnswerValue>
              </AnswerValues>
              <AnswerPrefix />
              <AnswerSuffix />
              <AnswerTranslations>
                <Translation Language="En" Value="16.99" />
              </AnswerTranslations>
            </Answer>
          </Variable>
          <Variable Section="Var" AnswerType="Text" QuestionID="10892279" Question="SKU Code">
            <Answer>
              <AnswerID />
              <AnswerValues>
                <AnswerValue Name="">6458879</AnswerValue>
              </AnswerValues>
              <AnswerPrefix />
              <AnswerSuffix />
              <AnswerTranslations>
                <Translation Language="En" Value="6458879" />
              </AnswerTranslations>
            </Answer>
          </Variable>
          <Variable Section="Var" AnswerType="Text" QuestionID="10892281" Question="Commercial Ref">
            <Answer>
              <AnswerID />
              <AnswerValues>
                <AnswerValue Name="">BASIC155B05</AnswerValue>
              </AnswerValues>
              <AnswerPrefix />
              <AnswerSuffix />
              <AnswerTranslations>
                <Translation Language="En" Value="BASIC155B05" />
              </AnswerTranslations>
            </Answer>
          </Variable>
          <Variable Section="Var" AnswerType="Lookup List" LookupListType="Variable" QuestionID="10892283" Question="Country">
            <Answer>
              <AnswerID>28111</AnswerID>
              <AnswerValues>
                <AnswerValue Name="Name">ITALY</AnswerValue>
              </AnswerValues>
              <AnswerPrefix />
              <AnswerSuffix />
              <AnswerTranslations />
            </Answer>
          </Variable>
          <Variable Section="Var" AnswerType="Text" QuestionID="10892284" Question="Color">
            <Answer>
              <AnswerID />
              <AnswerValues>
                <AnswerValue Name="">DRESS BLUE</AnswerValue>
              </AnswerValues>
              <AnswerPrefix />
              <AnswerSuffix />
              <AnswerTranslations>
                <Translation Language="En" Value="DRESS BLUE" />
              </AnswerTranslations>
            </Answer>
          </Variable>
          <Variable Section="Var" AnswerType="Text" QuestionID="10892285" Question="Department">
            <Answer>
              <AnswerID />
              <AnswerValues>
                <AnswerValue Name="">6199</AnswerValue>
              </AnswerValues>
              <AnswerPrefix />
              <AnswerSuffix />
              <AnswerTranslations>
                <Translation Language="En" Value="6199" />
              </AnswerTranslations>
            </Answer>
          </Variable>
          <Variable Section="Var" AnswerType="Text" QuestionID="10892286" Question="Style Code">
            <Answer>
              <AnswerID />
              <AnswerValues>
                <AnswerValue Name="">6458876</AnswerValue>
              </AnswerValues>
              <AnswerPrefix />
              <AnswerSuffix />
              <AnswerTranslations>
                <Translation Language="En" Value="6458876" />
              </AnswerTranslations>
            </Answer>
          </Variable>
          <Variable Section="Var" AnswerType="Text" QuestionID="10892287" Question="Sub Department">
            <Answer>
              <AnswerID />
              <AnswerValues>
                <AnswerValue Name="">6781</AnswerValue>
              </AnswerValues>
              <AnswerPrefix />
              <AnswerSuffix />
              <AnswerTranslations>
                <Translation Language="En" Value="6781" />
              </AnswerTranslations>
            </Answer>
          </Variable>
          <Variable Section="Var" AnswerType="Text" QuestionID="10892288" Question="Supplier Style">
            <Answer>
              <AnswerID />
              <AnswerValues>
                <AnswerValue Name="">648876</AnswerValue>
              </AnswerValues>
              <AnswerPrefix />
              <AnswerSuffix />
              <AnswerTranslations>
                <Translation Language="En" Value="648876" />
              </AnswerTranslations>
            </Answer>
          </Variable>
          <Variable Section="Var" AnswerType="Lookup List" LookupListType="Variable" QuestionID="10892289" Question="Material Type">
            <Answer>
              <AnswerID>34424</AnswerID>
              <AnswerValues>
                <AnswerValue Name="Italiano">100% COTONE</AnswerValue>
                <AnswerValue Name="English">100% COTTON</AnswerValue>
              </AnswerValues>
              <AnswerPrefix />
              <AnswerSuffix />
              <AnswerTranslations />
            </Answer>
          </Variable>
        </Variables>
      </Item>
      <Item>
        <ItemID>6900888</ItemID>
        <VariantName>J. HART &amp; BROS HERITAGE TAG-0050</VariantName>
        <Quantity>145</Quantity>
        <SizeChartItem Id="10892278" Value="J. HART &amp; BROS HERITAGE TAG-0050" SizeChartName="6101,6102,6103,6195 - J. HART &amp; BROS HERITAGE TAG">
          <Size Name="IT" Value="XXL" />
          <Size Name="EUR" Value="XXL" />
        </SizeChartItem>
        <Variables>
          <Variable Section="Var" AnswerType="Lookup List" LookupListType="Attributes" QuestionID="10892280" Question="Currency">
            <Answer>
              <AnswerID>24440</AnswerID>
              <AnswerValues>
                <AnswerValue Name="Currency">EUR</AnswerValue>
                <AnswerValue Name="Symbol">€</AnswerValue>
              </AnswerValues>
              <AnswerPrefix />
              <AnswerSuffix />
              <AnswerTranslations />
            </Answer>
          </Variable>
          <Variable Section="Var" AnswerType="Yes/No" QuestionID="10892282" Question="With String">
            <Answer>
              <AnswerID />
              <AnswerValues>
                <AnswerValue Name="">True</AnswerValue>
              </AnswerValues>
              <AnswerPrefix />
              <AnswerSuffix />
              <AnswerTranslations>
                <Translation Language="En" Value="True" />
              </AnswerTranslations>
            </Answer>
          </Variable>
          <Variable Section="Var" AnswerType="Barcode" QuestionID="10892276" Question="Barcode Number">
            <Answer>
              <AnswerID />
              <AnswerValues>
                <AnswerValue Name="">8054031918225</AnswerValue>
              </AnswerValues>
              <AnswerPrefix />
              <AnswerSuffix />
              <AnswerTranslations>
                <Translation Language="En" Value="8054031918225" />
              </AnswerTranslations>
            </Answer>
          </Variable>
          <Variable Section="Var" AnswerType="Text" QuestionID="10892277" Question="Selling Price">
            <Answer>
              <AnswerID />
              <AnswerValues>
                <AnswerValue Name="">16.99</AnswerValue>
              </AnswerValues>
              <AnswerPrefix />
              <AnswerSuffix />
              <AnswerTranslations>
                <Translation Language="En" Value="16.99" />
              </AnswerTranslations>
            </Answer>
          </Variable>
          <Variable Section="Var" AnswerType="Text" QuestionID="10892279" Question="SKU Code">
            <Answer>
              <AnswerID />
              <AnswerValues>
                <AnswerValue Name="">6458880</AnswerValue>
              </AnswerValues>
              <AnswerPrefix />
              <AnswerSuffix />
              <AnswerTranslations>
                <Translation Language="En" Value="6458880" />
              </AnswerTranslations>
            </Answer>
          </Variable>
          <Variable Section="Var" AnswerType="Text" QuestionID="10892281" Question="Commercial Ref">
            <Answer>
              <AnswerID />
              <AnswerValues>
                <AnswerValue Name="">BASIC155B05</AnswerValue>
              </AnswerValues>
              <AnswerPrefix />
              <AnswerSuffix />
              <AnswerTranslations>
                <Translation Language="En" Value="BASIC155B05" />
              </AnswerTranslations>
            </Answer>
          </Variable>
          <Variable Section="Var" AnswerType="Lookup List" LookupListType="Variable" QuestionID="10892283" Question="Country">
            <Answer>
              <AnswerID>28111</AnswerID>
              <AnswerValues>
                <AnswerValue Name="Name">ITALY</AnswerValue>
              </AnswerValues>
              <AnswerPrefix />
              <AnswerSuffix />
              <AnswerTranslations />
            </Answer>
          </Variable>
          <Variable Section="Var" AnswerType="Text" QuestionID="10892284" Question="Color">
            <Answer>
              <AnswerID />
              <AnswerValues>
                <AnswerValue Name="">DRESS BLUE</AnswerValue>
              </AnswerValues>
              <AnswerPrefix />
              <AnswerSuffix />
              <AnswerTranslations>
                <Translation Language="En" Value="DRESS BLUE" />
              </AnswerTranslations>
            </Answer>
          </Variable>
          <Variable Section="Var" AnswerType="Text" QuestionID="10892285" Question="Department">
            <Answer>
              <AnswerID />
              <AnswerValues>
                <AnswerValue Name="">6199</AnswerValue>
              </AnswerValues>
              <AnswerPrefix />
              <AnswerSuffix />
              <AnswerTranslations>
                <Translation Language="En" Value="6199" />
              </AnswerTranslations>
            </Answer>
          </Variable>
          <Variable Section="Var" AnswerType="Text" QuestionID="10892286" Question="Style Code">
            <Answer>
              <AnswerID />
              <AnswerValues>
                <AnswerValue Name="">6458876</AnswerValue>
              </AnswerValues>
              <AnswerPrefix />
              <AnswerSuffix />
              <AnswerTranslations>
                <Translation Language="En" Value="6458876" />
              </AnswerTranslations>
            </Answer>
          </Variable>
          <Variable Section="Var" AnswerType="Text" QuestionID="10892287" Question="Sub Department">
            <Answer>
              <AnswerID />
              <AnswerValues>
                <AnswerValue Name="">6781</AnswerValue>
              </AnswerValues>
              <AnswerPrefix />
              <AnswerSuffix />
              <AnswerTranslations>
                <Translation Language="En" Value="6781" />
              </AnswerTranslations>
            </Answer>
          </Variable>
          <Variable Section="Var" AnswerType="Text" QuestionID="10892288" Question="Supplier Style">
            <Answer>
              <AnswerID />
              <AnswerValues>
                <AnswerValue Name="">648876</AnswerValue>
              </AnswerValues>
              <AnswerPrefix />
              <AnswerSuffix />
              <AnswerTranslations>
                <Translation Language="En" Value="648876" />
              </AnswerTranslations>
            </Answer>
          </Variable>
          <Variable Section="Var" AnswerType="Lookup List" LookupListType="Variable" QuestionID="10892289" Question="Material Type">
            <Answer>
              <AnswerID>34424</AnswerID>
              <AnswerValues>
                <AnswerValue Name="Italiano">100% COTONE</AnswerValue>
                <AnswerValue Name="English">100% COTTON</AnswerValue>
              </AnswerValues>
              <AnswerPrefix />
              <AnswerSuffix />
              <AnswerTranslations />
            </Answer>
          </Variable>
        </Variables>
      </Item>
    </OrderItem>
  </OrderItems>
</Order>