﻿<?xml version="1.0" encoding="utf-8"?>
<Order xmlns:xsd="http://www.w3.org/2001/XMLSchema" xmlns:xsi="http://www.w3.org/2001/XMLSchema-instance">
  <OrderStatus>Order Accepted</OrderStatus>
  <SubStatus />
  <ArtworkRequired>True</ArtworkRequired>
  <ArtworkStatus>Approved</ArtworkStatus>
  <Site>ovs.bgpconnect.com</Site>
  <OrderID>B0622277</OrderID>
  <OrderLink>https://ovs.bgpconnect.com/Order?orderId=622277</OrderLink>
  <CustomerID>1766</CustomerID>
  <CustomerName>TEXTURE CLOTHING COMPANY</CustomerName>
  <CustomerEmail>merch2@textureclothing.in</CustomerEmail>
  <CreatedDate>06/03/2025 02:14</CreatedDate>
  <CustomerRef>252TSH130-TAG</CustomerRef>
  <RequiredDate>13/03/2025</RequiredDate>
  <OrderedFromLocationID>india</OrderedFromLocationID>
  <OrderedFromLocation>Sainmarks Industries India Private Ltd</OrderedFromLocation>
  <InvoiceLocation>
    <LocationID>2001</LocationID>
    <LocationName>TEXTURE CLOTHING COMPANY</LocationName>
    <AddressLine1>D.NO.7/701,A1,A2,K.S.R.NAGAR</AddressLine1>
    <AddressLine2>NEAR G.N.GARDEN,NERUPERICHAL</AddressLine2>
    <AddressLine3>TIRUPUR</AddressLine3>
    <City />
    <PostCode>641602</PostCode>
    <isoCountryCode>IN</isoCountryCode>
  </InvoiceLocation>
  <DeliveryLocation>
    <LocationID>2001</LocationID>
    <LocationName>TEXTURE CLOTHING COMPANY</LocationName>
    <AddressLine1>D.NO.7/701,A1,A2,K.S.R.NAGAR</AddressLine1>
    <AddressLine2>NEAR G.N.GARDEN,NERUPERICHAL</AddressLine2>
    <AddressLine3>TIRUPUR</AddressLine3>
    <City />
    <PostCode>641602</PostCode>
    <isoCountryCode>IN</isoCountryCode>
  </DeliveryLocation>
  <OrderItems>
    <OrderItem>
      <OrderItemID>947058</OrderItemID>
      <PurchaseOrder>
        <Reference />
      </PurchaseOrder>
      <Asset Id="11192">
        <Name>IT1</Name>
        <Description>IT1 (IWIE)-45X90MM</Description>
        <Codes>
          <Code Name="BPC" Value="TAG006695" />
        </Codes>
        <ProductTypes>
          <ProductType Domain="Retailer">Clothing tag</ProductType>
          <ProductType Domain="Britannia">Variable Data Swing Ticket</ProductType>
        </ProductTypes>
      </Asset>
      <Item>
        <ItemID>7212339</ItemID>
        <VariantName>J. HART &amp; BROS HERITAGE TAG-0010</VariantName>
        <Quantity>395</Quantity>
        <SizeChartItem Id="11430825" Value="J. HART &amp; BROS HERITAGE TAG-0010" SizeChartName="6101,6102,6103,6195 - J. HART &amp; BROS HERITAGE TAG">
          <Size Name="IT" Value="S" />
          <Size Name="EUR" Value="S" />
        </SizeChartItem>
        <Variables>
          <Variable Section="Var" AnswerType="Lookup List" LookupListType="Attributes" QuestionID="11430823" Question="Currency">
            <Answer>
              <AnswerID>24440</AnswerID>
              <AnswerValues>
                <AnswerValue Name="Currency">EUR</AnswerValue>
                <AnswerValue Name="Symbol">€</AnswerValue>
              </AnswerValues>
              <AnswerPrefix />
              <AnswerSuffix />
              <AnswerTranslations />
            </Answer>
          </Variable>
          <Variable Section="Var" AnswerType="Barcode" QuestionID="11430822" Question="Barcode Number">
            <Answer>
              <AnswerID />
              <AnswerValues>
                <AnswerValue Name="">8057914572514</AnswerValue>
              </AnswerValues>
              <AnswerPrefix />
              <AnswerSuffix />
              <AnswerTranslations>
                <Translation Language="En" Value="8057914572514" />
              </AnswerTranslations>
            </Answer>
          </Variable>
          <Variable Section="Var" AnswerType="Text" QuestionID="11430824" Question="Selling Price">
            <Answer>
              <AnswerID />
              <AnswerValues>
                <AnswerValue Name="">10,99</AnswerValue>
              </AnswerValues>
              <AnswerPrefix />
              <AnswerSuffix />
              <AnswerTranslations>
                <Translation Language="En" Value="10,99" />
              </AnswerTranslations>
            </Answer>
          </Variable>
          <Variable Section="Var" AnswerType="Text" QuestionID="11430826" Question="SKU Code">
            <Answer>
              <AnswerID />
              <AnswerValues>
                <AnswerValue Name="">3967979</AnswerValue>
              </AnswerValues>
              <AnswerPrefix />
              <AnswerSuffix />
              <AnswerTranslations>
                <Translation Language="En" Value="3967979" />
              </AnswerTranslations>
            </Answer>
          </Variable>
          <Variable Section="Var" AnswerType="Text" QuestionID="11430827" Question="Commercial Ref">
            <Answer>
              <AnswerID />
              <AnswerValues>
                <AnswerValue Name="">CS5090 5B07</AnswerValue>
              </AnswerValues>
              <AnswerPrefix />
              <AnswerSuffix />
              <AnswerTranslations>
                <Translation Language="En" Value="CS5090 5B07" />
              </AnswerTranslations>
            </Answer>
          </Variable>
          <Variable Section="Var" AnswerType="Lookup List" LookupListType="Variable" QuestionID="11430828" Question="Country">
            <Answer>
              <AnswerID>28125</AnswerID>
              <AnswerValues>
                <AnswerValue Name="Name">UPIM</AnswerValue>
              </AnswerValues>
              <AnswerPrefix />
              <AnswerSuffix />
              <AnswerTranslations />
            </Answer>
          </Variable>
          <Variable Section="Var" AnswerType="Text" QuestionID="11430829" Question="Color">
            <Answer>
              <AnswerID />
              <AnswerValues>
                <AnswerValue Name="">BLACK</AnswerValue>
              </AnswerValues>
              <AnswerPrefix />
              <AnswerSuffix />
              <AnswerTranslations>
                <Translation Language="En" Value="BLACK" />
              </AnswerTranslations>
            </Answer>
          </Variable>
          <Variable Section="Var" AnswerType="Text" QuestionID="11430830" Question="Department">
            <Answer>
              <AnswerID />
              <AnswerValues>
                <AnswerValue Name="">6198</AnswerValue>
              </AnswerValues>
              <AnswerPrefix />
              <AnswerSuffix />
              <AnswerTranslations>
                <Translation Language="En" Value="6198" />
              </AnswerTranslations>
            </Answer>
          </Variable>
          <Variable Section="Var" AnswerType="Text" QuestionID="11430831" Question="Style Code">
            <Answer>
              <AnswerID />
              <AnswerValues>
                <AnswerValue Name="">3967979</AnswerValue>
              </AnswerValues>
              <AnswerPrefix />
              <AnswerSuffix />
              <AnswerTranslations>
                <Translation Language="En" Value="3967979" />
              </AnswerTranslations>
            </Answer>
          </Variable>
          <Variable Section="Var" AnswerType="Text" QuestionID="11430832" Question="Sub Department">
            <Answer>
              <AnswerID />
              <AnswerValues>
                <AnswerValue Name="">6873</AnswerValue>
              </AnswerValues>
              <AnswerPrefix />
              <AnswerSuffix />
              <AnswerTranslations>
                <Translation Language="En" Value="6873" />
              </AnswerTranslations>
            </Answer>
          </Variable>
          <Variable Section="Var" AnswerType="Text" QuestionID="11430833" Question="Supplier Style">
            <Answer>
              <AnswerID />
              <AnswerValues>
                <AnswerValue Name="">252TSH130TS130-6198</AnswerValue>
              </AnswerValues>
              <AnswerPrefix />
              <AnswerSuffix />
              <AnswerTranslations>
                <Translation Language="En" Value="252TSH130TS130-6198" />
              </AnswerTranslations>
            </Answer>
          </Variable>
          <Variable Section="Var" AnswerType="Lookup List" LookupListType="Small Tag Code Chart" QuestionID="11430834" Question="Translation Code">
            <Answer>
              <AnswerID />
              <AnswerValues>
                <AnswerValue Name=""></AnswerValue>
              </AnswerValues>
              <AnswerPrefix />
              <AnswerSuffix />
              <AnswerTranslations>
                <Translation Language="En" Value="" />
              </AnswerTranslations>
            </Answer>
          </Variable>
        </Variables>
      </Item>
      <Item>
        <ItemID>7212341</ItemID>
        <VariantName>J. HART &amp; BROS HERITAGE TAG-0020</VariantName>
        <Quantity>770</Quantity>
        <SizeChartItem Id="11430825" Value="J. HART &amp; BROS HERITAGE TAG-0020" SizeChartName="6101,6102,6103,6195 - J. HART &amp; BROS HERITAGE TAG">
          <Size Name="IT" Value="M" />
          <Size Name="EUR" Value="M" />
        </SizeChartItem>
        <Variables>
          <Variable Section="Var" AnswerType="Lookup List" LookupListType="Attributes" QuestionID="11430823" Question="Currency">
            <Answer>
              <AnswerID>24440</AnswerID>
              <AnswerValues>
                <AnswerValue Name="Currency">EUR</AnswerValue>
                <AnswerValue Name="Symbol">€</AnswerValue>
              </AnswerValues>
              <AnswerPrefix />
              <AnswerSuffix />
              <AnswerTranslations />
            </Answer>
          </Variable>
          <Variable Section="Var" AnswerType="Barcode" QuestionID="11430822" Question="Barcode Number">
            <Answer>
              <AnswerID />
              <AnswerValues>
                <AnswerValue Name="">8057914572521</AnswerValue>
              </AnswerValues>
              <AnswerPrefix />
              <AnswerSuffix />
              <AnswerTranslations>
                <Translation Language="En" Value="8057914572521" />
              </AnswerTranslations>
            </Answer>
          </Variable>
          <Variable Section="Var" AnswerType="Text" QuestionID="11430824" Question="Selling Price">
            <Answer>
              <AnswerID />
              <AnswerValues>
                <AnswerValue Name="">10,99</AnswerValue>
              </AnswerValues>
              <AnswerPrefix />
              <AnswerSuffix />
              <AnswerTranslations>
                <Translation Language="En" Value="10,99" />
              </AnswerTranslations>
            </Answer>
          </Variable>
          <Variable Section="Var" AnswerType="Text" QuestionID="11430826" Question="SKU Code">
            <Answer>
              <AnswerID />
              <AnswerValues>
                <AnswerValue Name="">3967980</AnswerValue>
              </AnswerValues>
              <AnswerPrefix />
              <AnswerSuffix />
              <AnswerTranslations>
                <Translation Language="En" Value="3967980" />
              </AnswerTranslations>
            </Answer>
          </Variable>
          <Variable Section="Var" AnswerType="Text" QuestionID="11430827" Question="Commercial Ref">
            <Answer>
              <AnswerID />
              <AnswerValues>
                <AnswerValue Name="">CS5090 5B07</AnswerValue>
              </AnswerValues>
              <AnswerPrefix />
              <AnswerSuffix />
              <AnswerTranslations>
                <Translation Language="En" Value="CS5090 5B07" />
              </AnswerTranslations>
            </Answer>
          </Variable>
          <Variable Section="Var" AnswerType="Lookup List" LookupListType="Variable" QuestionID="11430828" Question="Country">
            <Answer>
              <AnswerID>28125</AnswerID>
              <AnswerValues>
                <AnswerValue Name="Name">UPIM</AnswerValue>
              </AnswerValues>
              <AnswerPrefix />
              <AnswerSuffix />
              <AnswerTranslations />
            </Answer>
          </Variable>
          <Variable Section="Var" AnswerType="Text" QuestionID="11430829" Question="Color">
            <Answer>
              <AnswerID />
              <AnswerValues>
                <AnswerValue Name="">BLACK</AnswerValue>
              </AnswerValues>
              <AnswerPrefix />
              <AnswerSuffix />
              <AnswerTranslations>
                <Translation Language="En" Value="BLACK" />
              </AnswerTranslations>
            </Answer>
          </Variable>
          <Variable Section="Var" AnswerType="Text" QuestionID="11430830" Question="Department">
            <Answer>
              <AnswerID />
              <AnswerValues>
                <AnswerValue Name="">6198</AnswerValue>
              </AnswerValues>
              <AnswerPrefix />
              <AnswerSuffix />
              <AnswerTranslations>
                <Translation Language="En" Value="6198" />
              </AnswerTranslations>
            </Answer>
          </Variable>
          <Variable Section="Var" AnswerType="Text" QuestionID="11430831" Question="Style Code">
            <Answer>
              <AnswerID />
              <AnswerValues>
                <AnswerValue Name="">3967979</AnswerValue>
              </AnswerValues>
              <AnswerPrefix />
              <AnswerSuffix />
              <AnswerTranslations>
                <Translation Language="En" Value="3967979" />
              </AnswerTranslations>
            </Answer>
          </Variable>
          <Variable Section="Var" AnswerType="Text" QuestionID="11430832" Question="Sub Department">
            <Answer>
              <AnswerID />
              <AnswerValues>
                <AnswerValue Name="">6873</AnswerValue>
              </AnswerValues>
              <AnswerPrefix />
              <AnswerSuffix />
              <AnswerTranslations>
                <Translation Language="En" Value="6873" />
              </AnswerTranslations>
            </Answer>
          </Variable>
          <Variable Section="Var" AnswerType="Text" QuestionID="11430833" Question="Supplier Style">
            <Answer>
              <AnswerID />
              <AnswerValues>
                <AnswerValue Name="">252TSH130TS130-6198</AnswerValue>
              </AnswerValues>
              <AnswerPrefix />
              <AnswerSuffix />
              <AnswerTranslations>
                <Translation Language="En" Value="252TSH130TS130-6198" />
              </AnswerTranslations>
            </Answer>
          </Variable>
          <Variable Section="Var" AnswerType="Lookup List" LookupListType="Small Tag Code Chart" QuestionID="11430834" Question="Translation Code">
            <Answer>
              <AnswerID />
              <AnswerValues>
                <AnswerValue Name=""></AnswerValue>
              </AnswerValues>
              <AnswerPrefix />
              <AnswerSuffix />
              <AnswerTranslations>
                <Translation Language="En" Value="" />
              </AnswerTranslations>
            </Answer>
          </Variable>
        </Variables>
      </Item>
      <Item>
        <ItemID>7212342</ItemID>
        <VariantName>J. HART &amp; BROS HERITAGE TAG-0030</VariantName>
        <Quantity>770</Quantity>
        <SizeChartItem Id="11430825" Value="J. HART &amp; BROS HERITAGE TAG-0030" SizeChartName="6101,6102,6103,6195 - J. HART &amp; BROS HERITAGE TAG">
          <Size Name="IT" Value="L" />
          <Size Name="EUR" Value="L" />
        </SizeChartItem>
        <Variables>
          <Variable Section="Var" AnswerType="Lookup List" LookupListType="Attributes" QuestionID="11430823" Question="Currency">
            <Answer>
              <AnswerID>24440</AnswerID>
              <AnswerValues>
                <AnswerValue Name="Currency">EUR</AnswerValue>
                <AnswerValue Name="Symbol">€</AnswerValue>
              </AnswerValues>
              <AnswerPrefix />
              <AnswerSuffix />
              <AnswerTranslations />
            </Answer>
          </Variable>
          <Variable Section="Var" AnswerType="Barcode" QuestionID="11430822" Question="Barcode Number">
            <Answer>
              <AnswerID />
              <AnswerValues>
                <AnswerValue Name="">8057914572538</AnswerValue>
              </AnswerValues>
              <AnswerPrefix />
              <AnswerSuffix />
              <AnswerTranslations>
                <Translation Language="En" Value="8057914572538" />
              </AnswerTranslations>
            </Answer>
          </Variable>
          <Variable Section="Var" AnswerType="Text" QuestionID="11430824" Question="Selling Price">
            <Answer>
              <AnswerID />
              <AnswerValues>
                <AnswerValue Name="">10,99</AnswerValue>
              </AnswerValues>
              <AnswerPrefix />
              <AnswerSuffix />
              <AnswerTranslations>
                <Translation Language="En" Value="10,99" />
              </AnswerTranslations>
            </Answer>
          </Variable>
          <Variable Section="Var" AnswerType="Text" QuestionID="11430826" Question="SKU Code">
            <Answer>
              <AnswerID />
              <AnswerValues>
                <AnswerValue Name="">3967981</AnswerValue>
              </AnswerValues>
              <AnswerPrefix />
              <AnswerSuffix />
              <AnswerTranslations>
                <Translation Language="En" Value="3967981" />
              </AnswerTranslations>
            </Answer>
          </Variable>
          <Variable Section="Var" AnswerType="Text" QuestionID="11430827" Question="Commercial Ref">
            <Answer>
              <AnswerID />
              <AnswerValues>
                <AnswerValue Name="">CS5090 5B07</AnswerValue>
              </AnswerValues>
              <AnswerPrefix />
              <AnswerSuffix />
              <AnswerTranslations>
                <Translation Language="En" Value="CS5090 5B07" />
              </AnswerTranslations>
            </Answer>
          </Variable>
          <Variable Section="Var" AnswerType="Lookup List" LookupListType="Variable" QuestionID="11430828" Question="Country">
            <Answer>
              <AnswerID>28125</AnswerID>
              <AnswerValues>
                <AnswerValue Name="Name">UPIM</AnswerValue>
              </AnswerValues>
              <AnswerPrefix />
              <AnswerSuffix />
              <AnswerTranslations />
            </Answer>
          </Variable>
          <Variable Section="Var" AnswerType="Text" QuestionID="11430829" Question="Color">
            <Answer>
              <AnswerID />
              <AnswerValues>
                <AnswerValue Name="">BLACK</AnswerValue>
              </AnswerValues>
              <AnswerPrefix />
              <AnswerSuffix />
              <AnswerTranslations>
                <Translation Language="En" Value="BLACK" />
              </AnswerTranslations>
            </Answer>
          </Variable>
          <Variable Section="Var" AnswerType="Text" QuestionID="11430830" Question="Department">
            <Answer>
              <AnswerID />
              <AnswerValues>
                <AnswerValue Name="">6198</AnswerValue>
              </AnswerValues>
              <AnswerPrefix />
              <AnswerSuffix />
              <AnswerTranslations>
                <Translation Language="En" Value="6198" />
              </AnswerTranslations>
            </Answer>
          </Variable>
          <Variable Section="Var" AnswerType="Text" QuestionID="11430831" Question="Style Code">
            <Answer>
              <AnswerID />
              <AnswerValues>
                <AnswerValue Name="">3967979</AnswerValue>
              </AnswerValues>
              <AnswerPrefix />
              <AnswerSuffix />
              <AnswerTranslations>
                <Translation Language="En" Value="3967979" />
              </AnswerTranslations>
            </Answer>
          </Variable>
          <Variable Section="Var" AnswerType="Text" QuestionID="11430832" Question="Sub Department">
            <Answer>
              <AnswerID />
              <AnswerValues>
                <AnswerValue Name="">6873</AnswerValue>
              </AnswerValues>
              <AnswerPrefix />
              <AnswerSuffix />
              <AnswerTranslations>
                <Translation Language="En" Value="6873" />
              </AnswerTranslations>
            </Answer>
          </Variable>
          <Variable Section="Var" AnswerType="Text" QuestionID="11430833" Question="Supplier Style">
            <Answer>
              <AnswerID />
              <AnswerValues>
                <AnswerValue Name="">252TSH130TS130-6198</AnswerValue>
              </AnswerValues>
              <AnswerPrefix />
              <AnswerSuffix />
              <AnswerTranslations>
                <Translation Language="En" Value="252TSH130TS130-6198" />
              </AnswerTranslations>
            </Answer>
          </Variable>
          <Variable Section="Var" AnswerType="Lookup List" LookupListType="Small Tag Code Chart" QuestionID="11430834" Question="Translation Code">
            <Answer>
              <AnswerID />
              <AnswerValues>
                <AnswerValue Name=""></AnswerValue>
              </AnswerValues>
              <AnswerPrefix />
              <AnswerSuffix />
              <AnswerTranslations>
                <Translation Language="En" Value="" />
              </AnswerTranslations>
            </Answer>
          </Variable>
        </Variables>
      </Item>
      <Item>
        <ItemID>7212343</ItemID>
        <VariantName>J. HART &amp; BROS HERITAGE TAG-0040</VariantName>
        <Quantity>770</Quantity>
        <SizeChartItem Id="11430825" Value="J. HART &amp; BROS HERITAGE TAG-0040" SizeChartName="6101,6102,6103,6195 - J. HART &amp; BROS HERITAGE TAG">
          <Size Name="IT" Value="XL" />
          <Size Name="EUR" Value="XL" />
        </SizeChartItem>
        <Variables>
          <Variable Section="Var" AnswerType="Lookup List" LookupListType="Attributes" QuestionID="11430823" Question="Currency">
            <Answer>
              <AnswerID>24440</AnswerID>
              <AnswerValues>
                <AnswerValue Name="Currency">EUR</AnswerValue>
                <AnswerValue Name="Symbol">€</AnswerValue>
              </AnswerValues>
              <AnswerPrefix />
              <AnswerSuffix />
              <AnswerTranslations />
            </Answer>
          </Variable>
          <Variable Section="Var" AnswerType="Barcode" QuestionID="11430822" Question="Barcode Number">
            <Answer>
              <AnswerID />
              <AnswerValues>
                <AnswerValue Name="">8057914572545</AnswerValue>
              </AnswerValues>
              <AnswerPrefix />
              <AnswerSuffix />
              <AnswerTranslations>
                <Translation Language="En" Value="8057914572545" />
              </AnswerTranslations>
            </Answer>
          </Variable>
          <Variable Section="Var" AnswerType="Text" QuestionID="11430824" Question="Selling Price">
            <Answer>
              <AnswerID />
              <AnswerValues>
                <AnswerValue Name="">10,99</AnswerValue>
              </AnswerValues>
              <AnswerPrefix />
              <AnswerSuffix />
              <AnswerTranslations>
                <Translation Language="En" Value="10,99" />
              </AnswerTranslations>
            </Answer>
          </Variable>
          <Variable Section="Var" AnswerType="Text" QuestionID="11430826" Question="SKU Code">
            <Answer>
              <AnswerID />
              <AnswerValues>
                <AnswerValue Name="">3967982</AnswerValue>
              </AnswerValues>
              <AnswerPrefix />
              <AnswerSuffix />
              <AnswerTranslations>
                <Translation Language="En" Value="3967982" />
              </AnswerTranslations>
            </Answer>
          </Variable>
          <Variable Section="Var" AnswerType="Text" QuestionID="11430827" Question="Commercial Ref">
            <Answer>
              <AnswerID />
              <AnswerValues>
                <AnswerValue Name="">CS5090 5B07</AnswerValue>
              </AnswerValues>
              <AnswerPrefix />
              <AnswerSuffix />
              <AnswerTranslations>
                <Translation Language="En" Value="CS5090 5B07" />
              </AnswerTranslations>
            </Answer>
          </Variable>
          <Variable Section="Var" AnswerType="Lookup List" LookupListType="Variable" QuestionID="11430828" Question="Country">
            <Answer>
              <AnswerID>28125</AnswerID>
              <AnswerValues>
                <AnswerValue Name="Name">UPIM</AnswerValue>
              </AnswerValues>
              <AnswerPrefix />
              <AnswerSuffix />
              <AnswerTranslations />
            </Answer>
          </Variable>
          <Variable Section="Var" AnswerType="Text" QuestionID="11430829" Question="Color">
            <Answer>
              <AnswerID />
              <AnswerValues>
                <AnswerValue Name="">BLACK</AnswerValue>
              </AnswerValues>
              <AnswerPrefix />
              <AnswerSuffix />
              <AnswerTranslations>
                <Translation Language="En" Value="BLACK" />
              </AnswerTranslations>
            </Answer>
          </Variable>
          <Variable Section="Var" AnswerType="Text" QuestionID="11430830" Question="Department">
            <Answer>
              <AnswerID />
              <AnswerValues>
                <AnswerValue Name="">6198</AnswerValue>
              </AnswerValues>
              <AnswerPrefix />
              <AnswerSuffix />
              <AnswerTranslations>
                <Translation Language="En" Value="6198" />
              </AnswerTranslations>
            </Answer>
          </Variable>
          <Variable Section="Var" AnswerType="Text" QuestionID="11430831" Question="Style Code">
            <Answer>
              <AnswerID />
              <AnswerValues>
                <AnswerValue Name="">3967979</AnswerValue>
              </AnswerValues>
              <AnswerPrefix />
              <AnswerSuffix />
              <AnswerTranslations>
                <Translation Language="En" Value="3967979" />
              </AnswerTranslations>
            </Answer>
          </Variable>
          <Variable Section="Var" AnswerType="Text" QuestionID="11430832" Question="Sub Department">
            <Answer>
              <AnswerID />
              <AnswerValues>
                <AnswerValue Name="">6873</AnswerValue>
              </AnswerValues>
              <AnswerPrefix />
              <AnswerSuffix />
              <AnswerTranslations>
                <Translation Language="En" Value="6873" />
              </AnswerTranslations>
            </Answer>
          </Variable>
          <Variable Section="Var" AnswerType="Text" QuestionID="11430833" Question="Supplier Style">
            <Answer>
              <AnswerID />
              <AnswerValues>
                <AnswerValue Name="">252TSH130TS130-6198</AnswerValue>
              </AnswerValues>
              <AnswerPrefix />
              <AnswerSuffix />
              <AnswerTranslations>
                <Translation Language="En" Value="252TSH130TS130-6198" />
              </AnswerTranslations>
            </Answer>
          </Variable>
          <Variable Section="Var" AnswerType="Lookup List" LookupListType="Small Tag Code Chart" QuestionID="11430834" Question="Translation Code">
            <Answer>
              <AnswerID />
              <AnswerValues>
                <AnswerValue Name=""></AnswerValue>
              </AnswerValues>
              <AnswerPrefix />
              <AnswerSuffix />
              <AnswerTranslations>
                <Translation Language="En" Value="" />
              </AnswerTranslations>
            </Answer>
          </Variable>
        </Variables>
      </Item>
      <Item>
        <ItemID>7212344</ItemID>
        <VariantName>J. HART &amp; BROS HERITAGE TAG-0050</VariantName>
        <Quantity>385</Quantity>
        <SizeChartItem Id="11430825" Value="J. HART &amp; BROS HERITAGE TAG-0050" SizeChartName="6101,6102,6103,6195 - J. HART &amp; BROS HERITAGE TAG">
          <Size Name="IT" Value="XXL" />
          <Size Name="EUR" Value="XXL" />
        </SizeChartItem>
        <Variables>
          <Variable Section="Var" AnswerType="Lookup List" LookupListType="Attributes" QuestionID="11430823" Question="Currency">
            <Answer>
              <AnswerID>24440</AnswerID>
              <AnswerValues>
                <AnswerValue Name="Currency">EUR</AnswerValue>
                <AnswerValue Name="Symbol">€</AnswerValue>
              </AnswerValues>
              <AnswerPrefix />
              <AnswerSuffix />
              <AnswerTranslations />
            </Answer>
          </Variable>
          <Variable Section="Var" AnswerType="Barcode" QuestionID="11430822" Question="Barcode Number">
            <Answer>
              <AnswerID />
              <AnswerValues>
                <AnswerValue Name="">8057914572552</AnswerValue>
              </AnswerValues>
              <AnswerPrefix />
              <AnswerSuffix />
              <AnswerTranslations>
                <Translation Language="En" Value="8057914572552" />
              </AnswerTranslations>
            </Answer>
          </Variable>
          <Variable Section="Var" AnswerType="Text" QuestionID="11430824" Question="Selling Price">
            <Answer>
              <AnswerID />
              <AnswerValues>
                <AnswerValue Name="">10,99</AnswerValue>
              </AnswerValues>
              <AnswerPrefix />
              <AnswerSuffix />
              <AnswerTranslations>
                <Translation Language="En" Value="10,99" />
              </AnswerTranslations>
            </Answer>
          </Variable>
          <Variable Section="Var" AnswerType="Text" QuestionID="11430826" Question="SKU Code">
            <Answer>
              <AnswerID />
              <AnswerValues>
                <AnswerValue Name="">3967983</AnswerValue>
              </AnswerValues>
              <AnswerPrefix />
              <AnswerSuffix />
              <AnswerTranslations>
                <Translation Language="En" Value="3967983" />
              </AnswerTranslations>
            </Answer>
          </Variable>
          <Variable Section="Var" AnswerType="Text" QuestionID="11430827" Question="Commercial Ref">
            <Answer>
              <AnswerID />
              <AnswerValues>
                <AnswerValue Name="">CS5090 5B07</AnswerValue>
              </AnswerValues>
              <AnswerPrefix />
              <AnswerSuffix />
              <AnswerTranslations>
                <Translation Language="En" Value="CS5090 5B07" />
              </AnswerTranslations>
            </Answer>
          </Variable>
          <Variable Section="Var" AnswerType="Lookup List" LookupListType="Variable" QuestionID="11430828" Question="Country">
            <Answer>
              <AnswerID>28125</AnswerID>
              <AnswerValues>
                <AnswerValue Name="Name">UPIM</AnswerValue>
              </AnswerValues>
              <AnswerPrefix />
              <AnswerSuffix />
              <AnswerTranslations />
            </Answer>
          </Variable>
          <Variable Section="Var" AnswerType="Text" QuestionID="11430829" Question="Color">
            <Answer>
              <AnswerID />
              <AnswerValues>
                <AnswerValue Name="">BLACK</AnswerValue>
              </AnswerValues>
              <AnswerPrefix />
              <AnswerSuffix />
              <AnswerTranslations>
                <Translation Language="En" Value="BLACK" />
              </AnswerTranslations>
            </Answer>
          </Variable>
          <Variable Section="Var" AnswerType="Text" QuestionID="11430830" Question="Department">
            <Answer>
              <AnswerID />
              <AnswerValues>
                <AnswerValue Name="">6198</AnswerValue>
              </AnswerValues>
              <AnswerPrefix />
              <AnswerSuffix />
              <AnswerTranslations>
                <Translation Language="En" Value="6198" />
              </AnswerTranslations>
            </Answer>
          </Variable>
          <Variable Section="Var" AnswerType="Text" QuestionID="11430831" Question="Style Code">
            <Answer>
              <AnswerID />
              <AnswerValues>
                <AnswerValue Name="">3967979</AnswerValue>
              </AnswerValues>
              <AnswerPrefix />
              <AnswerSuffix />
              <AnswerTranslations>
                <Translation Language="En" Value="3967979" />
              </AnswerTranslations>
            </Answer>
          </Variable>
          <Variable Section="Var" AnswerType="Text" QuestionID="11430832" Question="Sub Department">
            <Answer>
              <AnswerID />
              <AnswerValues>
                <AnswerValue Name="">6873</AnswerValue>
              </AnswerValues>
              <AnswerPrefix />
              <AnswerSuffix />
              <AnswerTranslations>
                <Translation Language="En" Value="6873" />
              </AnswerTranslations>
            </Answer>
          </Variable>
          <Variable Section="Var" AnswerType="Text" QuestionID="11430833" Question="Supplier Style">
            <Answer>
              <AnswerID />
              <AnswerValues>
                <AnswerValue Name="">252TSH130TS130-6198</AnswerValue>
              </AnswerValues>
              <AnswerPrefix />
              <AnswerSuffix />
              <AnswerTranslations>
                <Translation Language="En" Value="252TSH130TS130-6198" />
              </AnswerTranslations>
            </Answer>
          </Variable>
          <Variable Section="Var" AnswerType="Lookup List" LookupListType="Small Tag Code Chart" QuestionID="11430834" Question="Translation Code">
            <Answer>
              <AnswerID />
              <AnswerValues>
                <AnswerValue Name=""></AnswerValue>
              </AnswerValues>
              <AnswerPrefix />
              <AnswerSuffix />
              <AnswerTranslations>
                <Translation Language="En" Value="" />
              </AnswerTranslations>
            </Answer>
          </Variable>
        </Variables>
      </Item>
      <Item>
        <ItemID>7212345</ItemID>
        <VariantName>J. HART &amp; BROS HERITAGE TAG-0010</VariantName>
        <Quantity>265</Quantity>
        <SizeChartItem Id="11430825" Value="J. HART &amp; BROS HERITAGE TAG-0010" SizeChartName="6101,6102,6103,6195 - J. HART &amp; BROS HERITAGE TAG">
          <Size Name="IT" Value="S" />
          <Size Name="EUR" Value="S" />
        </SizeChartItem>
        <Variables>
          <Variable Section="Var" AnswerType="Lookup List" LookupListType="Attributes" QuestionID="11430823" Question="Currency">
            <Answer>
              <AnswerID>24440</AnswerID>
              <AnswerValues>
                <AnswerValue Name="Currency">EUR</AnswerValue>
                <AnswerValue Name="Symbol">€</AnswerValue>
              </AnswerValues>
              <AnswerPrefix />
              <AnswerSuffix />
              <AnswerTranslations />
            </Answer>
          </Variable>
          <Variable Section="Var" AnswerType="Barcode" QuestionID="11430822" Question="Barcode Number">
            <Answer>
              <AnswerID />
              <AnswerValues>
                <AnswerValue Name="">8057914572569</AnswerValue>
              </AnswerValues>
              <AnswerPrefix />
              <AnswerSuffix />
              <AnswerTranslations>
                <Translation Language="En" Value="8057914572569" />
              </AnswerTranslations>
            </Answer>
          </Variable>
          <Variable Section="Var" AnswerType="Text" QuestionID="11430824" Question="Selling Price">
            <Answer>
              <AnswerID />
              <AnswerValues>
                <AnswerValue Name="">10,99</AnswerValue>
              </AnswerValues>
              <AnswerPrefix />
              <AnswerSuffix />
              <AnswerTranslations>
                <Translation Language="En" Value="10,99" />
              </AnswerTranslations>
            </Answer>
          </Variable>
          <Variable Section="Var" AnswerType="Text" QuestionID="11430826" Question="SKU Code">
            <Answer>
              <AnswerID />
              <AnswerValues>
                <AnswerValue Name="">3967984</AnswerValue>
              </AnswerValues>
              <AnswerPrefix />
              <AnswerSuffix />
              <AnswerTranslations>
                <Translation Language="En" Value="3967984" />
              </AnswerTranslations>
            </Answer>
          </Variable>
          <Variable Section="Var" AnswerType="Text" QuestionID="11430827" Question="Commercial Ref">
            <Answer>
              <AnswerID />
              <AnswerValues>
                <AnswerValue Name="">CS5090 5B07</AnswerValue>
              </AnswerValues>
              <AnswerPrefix />
              <AnswerSuffix />
              <AnswerTranslations>
                <Translation Language="En" Value="CS5090 5B07" />
              </AnswerTranslations>
            </Answer>
          </Variable>
          <Variable Section="Var" AnswerType="Lookup List" LookupListType="Variable" QuestionID="11430828" Question="Country">
            <Answer>
              <AnswerID>28125</AnswerID>
              <AnswerValues>
                <AnswerValue Name="Name">UPIM</AnswerValue>
              </AnswerValues>
              <AnswerPrefix />
              <AnswerSuffix />
              <AnswerTranslations />
            </Answer>
          </Variable>
          <Variable Section="Var" AnswerType="Text" QuestionID="11430829" Question="Color">
            <Answer>
              <AnswerID />
              <AnswerValues>
                <AnswerValue Name="">PRISTINE</AnswerValue>
              </AnswerValues>
              <AnswerPrefix />
              <AnswerSuffix />
              <AnswerTranslations>
                <Translation Language="En" Value="PRISTINE" />
              </AnswerTranslations>
            </Answer>
          </Variable>
          <Variable Section="Var" AnswerType="Text" QuestionID="11430830" Question="Department">
            <Answer>
              <AnswerID />
              <AnswerValues>
                <AnswerValue Name="">6198</AnswerValue>
              </AnswerValues>
              <AnswerPrefix />
              <AnswerSuffix />
              <AnswerTranslations>
                <Translation Language="En" Value="6198" />
              </AnswerTranslations>
            </Answer>
          </Variable>
          <Variable Section="Var" AnswerType="Text" QuestionID="11430831" Question="Style Code">
            <Answer>
              <AnswerID />
              <AnswerValues>
                <AnswerValue Name="">3967984</AnswerValue>
              </AnswerValues>
              <AnswerPrefix />
              <AnswerSuffix />
              <AnswerTranslations>
                <Translation Language="En" Value="3967984" />
              </AnswerTranslations>
            </Answer>
          </Variable>
          <Variable Section="Var" AnswerType="Text" QuestionID="11430832" Question="Sub Department">
            <Answer>
              <AnswerID />
              <AnswerValues>
                <AnswerValue Name="">6873</AnswerValue>
              </AnswerValues>
              <AnswerPrefix />
              <AnswerSuffix />
              <AnswerTranslations>
                <Translation Language="En" Value="6873" />
              </AnswerTranslations>
            </Answer>
          </Variable>
          <Variable Section="Var" AnswerType="Text" QuestionID="11430833" Question="Supplier Style">
            <Answer>
              <AnswerID />
              <AnswerValues>
                <AnswerValue Name="">252TSH130TS130-6198</AnswerValue>
              </AnswerValues>
              <AnswerPrefix />
              <AnswerSuffix />
              <AnswerTranslations>
                <Translation Language="En" Value="252TSH130TS130-6198" />
              </AnswerTranslations>
            </Answer>
          </Variable>
          <Variable Section="Var" AnswerType="Lookup List" LookupListType="Small Tag Code Chart" QuestionID="11430834" Question="Translation Code">
            <Answer>
              <AnswerID />
              <AnswerValues>
                <AnswerValue Name=""></AnswerValue>
              </AnswerValues>
              <AnswerPrefix />
              <AnswerSuffix />
              <AnswerTranslations>
                <Translation Language="En" Value="" />
              </AnswerTranslations>
            </Answer>
          </Variable>
        </Variables>
      </Item>
      <Item>
        <ItemID>7212346</ItemID>
        <VariantName>J. HART &amp; BROS HERITAGE TAG-0020</VariantName>
        <Quantity>515</Quantity>
        <SizeChartItem Id="11430825" Value="J. HART &amp; BROS HERITAGE TAG-0020" SizeChartName="6101,6102,6103,6195 - J. HART &amp; BROS HERITAGE TAG">
          <Size Name="IT" Value="M" />
          <Size Name="EUR" Value="M" />
        </SizeChartItem>
        <Variables>
          <Variable Section="Var" AnswerType="Lookup List" LookupListType="Attributes" QuestionID="11430823" Question="Currency">
            <Answer>
              <AnswerID>24440</AnswerID>
              <AnswerValues>
                <AnswerValue Name="Currency">EUR</AnswerValue>
                <AnswerValue Name="Symbol">€</AnswerValue>
              </AnswerValues>
              <AnswerPrefix />
              <AnswerSuffix />
              <AnswerTranslations />
            </Answer>
          </Variable>
          <Variable Section="Var" AnswerType="Barcode" QuestionID="11430822" Question="Barcode Number">
            <Answer>
              <AnswerID />
              <AnswerValues>
                <AnswerValue Name="">8057914572576</AnswerValue>
              </AnswerValues>
              <AnswerPrefix />
              <AnswerSuffix />
              <AnswerTranslations>
                <Translation Language="En" Value="8057914572576" />
              </AnswerTranslations>
            </Answer>
          </Variable>
          <Variable Section="Var" AnswerType="Text" QuestionID="11430824" Question="Selling Price">
            <Answer>
              <AnswerID />
              <AnswerValues>
                <AnswerValue Name="">10,99</AnswerValue>
              </AnswerValues>
              <AnswerPrefix />
              <AnswerSuffix />
              <AnswerTranslations>
                <Translation Language="En" Value="10,99" />
              </AnswerTranslations>
            </Answer>
          </Variable>
          <Variable Section="Var" AnswerType="Text" QuestionID="11430826" Question="SKU Code">
            <Answer>
              <AnswerID />
              <AnswerValues>
                <AnswerValue Name="">3967985</AnswerValue>
              </AnswerValues>
              <AnswerPrefix />
              <AnswerSuffix />
              <AnswerTranslations>
                <Translation Language="En" Value="3967985" />
              </AnswerTranslations>
            </Answer>
          </Variable>
          <Variable Section="Var" AnswerType="Text" QuestionID="11430827" Question="Commercial Ref">
            <Answer>
              <AnswerID />
              <AnswerValues>
                <AnswerValue Name="">CS5090 5B07</AnswerValue>
              </AnswerValues>
              <AnswerPrefix />
              <AnswerSuffix />
              <AnswerTranslations>
                <Translation Language="En" Value="CS5090 5B07" />
              </AnswerTranslations>
            </Answer>
          </Variable>
          <Variable Section="Var" AnswerType="Lookup List" LookupListType="Variable" QuestionID="11430828" Question="Country">
            <Answer>
              <AnswerID>28125</AnswerID>
              <AnswerValues>
                <AnswerValue Name="Name">UPIM</AnswerValue>
              </AnswerValues>
              <AnswerPrefix />
              <AnswerSuffix />
              <AnswerTranslations />
            </Answer>
          </Variable>
          <Variable Section="Var" AnswerType="Text" QuestionID="11430829" Question="Color">
            <Answer>
              <AnswerID />
              <AnswerValues>
                <AnswerValue Name="">PRISTINE</AnswerValue>
              </AnswerValues>
              <AnswerPrefix />
              <AnswerSuffix />
              <AnswerTranslations>
                <Translation Language="En" Value="PRISTINE" />
              </AnswerTranslations>
            </Answer>
          </Variable>
          <Variable Section="Var" AnswerType="Text" QuestionID="11430830" Question="Department">
            <Answer>
              <AnswerID />
              <AnswerValues>
                <AnswerValue Name="">6198</AnswerValue>
              </AnswerValues>
              <AnswerPrefix />
              <AnswerSuffix />
              <AnswerTranslations>
                <Translation Language="En" Value="6198" />
              </AnswerTranslations>
            </Answer>
          </Variable>
          <Variable Section="Var" AnswerType="Text" QuestionID="11430831" Question="Style Code">
            <Answer>
              <AnswerID />
              <AnswerValues>
                <AnswerValue Name="">3967984</AnswerValue>
              </AnswerValues>
              <AnswerPrefix />
              <AnswerSuffix />
              <AnswerTranslations>
                <Translation Language="En" Value="3967984" />
              </AnswerTranslations>
            </Answer>
          </Variable>
          <Variable Section="Var" AnswerType="Text" QuestionID="11430832" Question="Sub Department">
            <Answer>
              <AnswerID />
              <AnswerValues>
                <AnswerValue Name="">6873</AnswerValue>
              </AnswerValues>
              <AnswerPrefix />
              <AnswerSuffix />
              <AnswerTranslations>
                <Translation Language="En" Value="6873" />
              </AnswerTranslations>
            </Answer>
          </Variable>
          <Variable Section="Var" AnswerType="Text" QuestionID="11430833" Question="Supplier Style">
            <Answer>
              <AnswerID />
              <AnswerValues>
                <AnswerValue Name="">252TSH130TS130-6198</AnswerValue>
              </AnswerValues>
              <AnswerPrefix />
              <AnswerSuffix />
              <AnswerTranslations>
                <Translation Language="En" Value="252TSH130TS130-6198" />
              </AnswerTranslations>
            </Answer>
          </Variable>
          <Variable Section="Var" AnswerType="Lookup List" LookupListType="Small Tag Code Chart" QuestionID="11430834" Question="Translation Code">
            <Answer>
              <AnswerID />
              <AnswerValues>
                <AnswerValue Name=""></AnswerValue>
              </AnswerValues>
              <AnswerPrefix />
              <AnswerSuffix />
              <AnswerTranslations>
                <Translation Language="En" Value="" />
              </AnswerTranslations>
            </Answer>
          </Variable>
        </Variables>
      </Item>
      <Item>
        <ItemID>7212347</ItemID>
        <VariantName>J. HART &amp; BROS HERITAGE TAG-0030</VariantName>
        <Quantity>515</Quantity>
        <SizeChartItem Id="11430825" Value="J. HART &amp; BROS HERITAGE TAG-0030" SizeChartName="6101,6102,6103,6195 - J. HART &amp; BROS HERITAGE TAG">
          <Size Name="IT" Value="L" />
          <Size Name="EUR" Value="L" />
        </SizeChartItem>
        <Variables>
          <Variable Section="Var" AnswerType="Lookup List" LookupListType="Attributes" QuestionID="11430823" Question="Currency">
            <Answer>
              <AnswerID>24440</AnswerID>
              <AnswerValues>
                <AnswerValue Name="Currency">EUR</AnswerValue>
                <AnswerValue Name="Symbol">€</AnswerValue>
              </AnswerValues>
              <AnswerPrefix />
              <AnswerSuffix />
              <AnswerTranslations />
            </Answer>
          </Variable>
          <Variable Section="Var" AnswerType="Barcode" QuestionID="11430822" Question="Barcode Number">
            <Answer>
              <AnswerID />
              <AnswerValues>
                <AnswerValue Name="">8057914572583</AnswerValue>
              </AnswerValues>
              <AnswerPrefix />
              <AnswerSuffix />
              <AnswerTranslations>
                <Translation Language="En" Value="8057914572583" />
              </AnswerTranslations>
            </Answer>
          </Variable>
          <Variable Section="Var" AnswerType="Text" QuestionID="11430824" Question="Selling Price">
            <Answer>
              <AnswerID />
              <AnswerValues>
                <AnswerValue Name="">10,99</AnswerValue>
              </AnswerValues>
              <AnswerPrefix />
              <AnswerSuffix />
              <AnswerTranslations>
                <Translation Language="En" Value="10,99" />
              </AnswerTranslations>
            </Answer>
          </Variable>
          <Variable Section="Var" AnswerType="Text" QuestionID="11430826" Question="SKU Code">
            <Answer>
              <AnswerID />
              <AnswerValues>
                <AnswerValue Name="">3967986</AnswerValue>
              </AnswerValues>
              <AnswerPrefix />
              <AnswerSuffix />
              <AnswerTranslations>
                <Translation Language="En" Value="3967986" />
              </AnswerTranslations>
            </Answer>
          </Variable>
          <Variable Section="Var" AnswerType="Text" QuestionID="11430827" Question="Commercial Ref">
            <Answer>
              <AnswerID />
              <AnswerValues>
                <AnswerValue Name="">CS5090 5B07</AnswerValue>
              </AnswerValues>
              <AnswerPrefix />
              <AnswerSuffix />
              <AnswerTranslations>
                <Translation Language="En" Value="CS5090 5B07" />
              </AnswerTranslations>
            </Answer>
          </Variable>
          <Variable Section="Var" AnswerType="Lookup List" LookupListType="Variable" QuestionID="11430828" Question="Country">
            <Answer>
              <AnswerID>28125</AnswerID>
              <AnswerValues>
                <AnswerValue Name="Name">UPIM</AnswerValue>
              </AnswerValues>
              <AnswerPrefix />
              <AnswerSuffix />
              <AnswerTranslations />
            </Answer>
          </Variable>
          <Variable Section="Var" AnswerType="Text" QuestionID="11430829" Question="Color">
            <Answer>
              <AnswerID />
              <AnswerValues>
                <AnswerValue Name="">PRISTINE</AnswerValue>
              </AnswerValues>
              <AnswerPrefix />
              <AnswerSuffix />
              <AnswerTranslations>
                <Translation Language="En" Value="PRISTINE" />
              </AnswerTranslations>
            </Answer>
          </Variable>
          <Variable Section="Var" AnswerType="Text" QuestionID="11430830" Question="Department">
            <Answer>
              <AnswerID />
              <AnswerValues>
                <AnswerValue Name="">6198</AnswerValue>
              </AnswerValues>
              <AnswerPrefix />
              <AnswerSuffix />
              <AnswerTranslations>
                <Translation Language="En" Value="6198" />
              </AnswerTranslations>
            </Answer>
          </Variable>
          <Variable Section="Var" AnswerType="Text" QuestionID="11430831" Question="Style Code">
            <Answer>
              <AnswerID />
              <AnswerValues>
                <AnswerValue Name="">3967984</AnswerValue>
              </AnswerValues>
              <AnswerPrefix />
              <AnswerSuffix />
              <AnswerTranslations>
                <Translation Language="En" Value="3967984" />
              </AnswerTranslations>
            </Answer>
          </Variable>
          <Variable Section="Var" AnswerType="Text" QuestionID="11430832" Question="Sub Department">
            <Answer>
              <AnswerID />
              <AnswerValues>
                <AnswerValue Name="">6873</AnswerValue>
              </AnswerValues>
              <AnswerPrefix />
              <AnswerSuffix />
              <AnswerTranslations>
                <Translation Language="En" Value="6873" />
              </AnswerTranslations>
            </Answer>
          </Variable>
          <Variable Section="Var" AnswerType="Text" QuestionID="11430833" Question="Supplier Style">
            <Answer>
              <AnswerID />
              <AnswerValues>
                <AnswerValue Name="">252TSH130TS130-6198</AnswerValue>
              </AnswerValues>
              <AnswerPrefix />
              <AnswerSuffix />
              <AnswerTranslations>
                <Translation Language="En" Value="252TSH130TS130-6198" />
              </AnswerTranslations>
            </Answer>
          </Variable>
          <Variable Section="Var" AnswerType="Lookup List" LookupListType="Small Tag Code Chart" QuestionID="11430834" Question="Translation Code">
            <Answer>
              <AnswerID />
              <AnswerValues>
                <AnswerValue Name=""></AnswerValue>
              </AnswerValues>
              <AnswerPrefix />
              <AnswerSuffix />
              <AnswerTranslations>
                <Translation Language="En" Value="" />
              </AnswerTranslations>
            </Answer>
          </Variable>
        </Variables>
      </Item>
      <Item>
        <ItemID>7212348</ItemID>
        <VariantName>J. HART &amp; BROS HERITAGE TAG-0040</VariantName>
        <Quantity>515</Quantity>
        <SizeChartItem Id="11430825" Value="J. HART &amp; BROS HERITAGE TAG-0040" SizeChartName="6101,6102,6103,6195 - J. HART &amp; BROS HERITAGE TAG">
          <Size Name="IT" Value="XL" />
          <Size Name="EUR" Value="XL" />
        </SizeChartItem>
        <Variables>
          <Variable Section="Var" AnswerType="Lookup List" LookupListType="Attributes" QuestionID="11430823" Question="Currency">
            <Answer>
              <AnswerID>24440</AnswerID>
              <AnswerValues>
                <AnswerValue Name="Currency">EUR</AnswerValue>
                <AnswerValue Name="Symbol">€</AnswerValue>
              </AnswerValues>
              <AnswerPrefix />
              <AnswerSuffix />
              <AnswerTranslations />
            </Answer>
          </Variable>
          <Variable Section="Var" AnswerType="Barcode" QuestionID="11430822" Question="Barcode Number">
            <Answer>
              <AnswerID />
              <AnswerValues>
                <AnswerValue Name="">8057914572590</AnswerValue>
              </AnswerValues>
              <AnswerPrefix />
              <AnswerSuffix />
              <AnswerTranslations>
                <Translation Language="En" Value="8057914572590" />
              </AnswerTranslations>
            </Answer>
          </Variable>
          <Variable Section="Var" AnswerType="Text" QuestionID="11430824" Question="Selling Price">
            <Answer>
              <AnswerID />
              <AnswerValues>
                <AnswerValue Name="">10,99</AnswerValue>
              </AnswerValues>
              <AnswerPrefix />
              <AnswerSuffix />
              <AnswerTranslations>
                <Translation Language="En" Value="10,99" />
              </AnswerTranslations>
            </Answer>
          </Variable>
          <Variable Section="Var" AnswerType="Text" QuestionID="11430826" Question="SKU Code">
            <Answer>
              <AnswerID />
              <AnswerValues>
                <AnswerValue Name="">3967987</AnswerValue>
              </AnswerValues>
              <AnswerPrefix />
              <AnswerSuffix />
              <AnswerTranslations>
                <Translation Language="En" Value="3967987" />
              </AnswerTranslations>
            </Answer>
          </Variable>
          <Variable Section="Var" AnswerType="Text" QuestionID="11430827" Question="Commercial Ref">
            <Answer>
              <AnswerID />
              <AnswerValues>
                <AnswerValue Name="">CS5090 5B07</AnswerValue>
              </AnswerValues>
              <AnswerPrefix />
              <AnswerSuffix />
              <AnswerTranslations>
                <Translation Language="En" Value="CS5090 5B07" />
              </AnswerTranslations>
            </Answer>
          </Variable>
          <Variable Section="Var" AnswerType="Lookup List" LookupListType="Variable" QuestionID="11430828" Question="Country">
            <Answer>
              <AnswerID>28125</AnswerID>
              <AnswerValues>
                <AnswerValue Name="Name">UPIM</AnswerValue>
              </AnswerValues>
              <AnswerPrefix />
              <AnswerSuffix />
              <AnswerTranslations />
            </Answer>
          </Variable>
          <Variable Section="Var" AnswerType="Text" QuestionID="11430829" Question="Color">
            <Answer>
              <AnswerID />
              <AnswerValues>
                <AnswerValue Name="">PRISTINE</AnswerValue>
              </AnswerValues>
              <AnswerPrefix />
              <AnswerSuffix />
              <AnswerTranslations>
                <Translation Language="En" Value="PRISTINE" />
              </AnswerTranslations>
            </Answer>
          </Variable>
          <Variable Section="Var" AnswerType="Text" QuestionID="11430830" Question="Department">
            <Answer>
              <AnswerID />
              <AnswerValues>
                <AnswerValue Name="">6198</AnswerValue>
              </AnswerValues>
              <AnswerPrefix />
              <AnswerSuffix />
              <AnswerTranslations>
                <Translation Language="En" Value="6198" />
              </AnswerTranslations>
            </Answer>
          </Variable>
          <Variable Section="Var" AnswerType="Text" QuestionID="11430831" Question="Style Code">
            <Answer>
              <AnswerID />
              <AnswerValues>
                <AnswerValue Name="">3967984</AnswerValue>
              </AnswerValues>
              <AnswerPrefix />
              <AnswerSuffix />
              <AnswerTranslations>
                <Translation Language="En" Value="3967984" />
              </AnswerTranslations>
            </Answer>
          </Variable>
          <Variable Section="Var" AnswerType="Text" QuestionID="11430832" Question="Sub Department">
            <Answer>
              <AnswerID />
              <AnswerValues>
                <AnswerValue Name="">6873</AnswerValue>
              </AnswerValues>
              <AnswerPrefix />
              <AnswerSuffix />
              <AnswerTranslations>
                <Translation Language="En" Value="6873" />
              </AnswerTranslations>
            </Answer>
          </Variable>
          <Variable Section="Var" AnswerType="Text" QuestionID="11430833" Question="Supplier Style">
            <Answer>
              <AnswerID />
              <AnswerValues>
                <AnswerValue Name="">252TSH130TS130-6198</AnswerValue>
              </AnswerValues>
              <AnswerPrefix />
              <AnswerSuffix />
              <AnswerTranslations>
                <Translation Language="En" Value="252TSH130TS130-6198" />
              </AnswerTranslations>
            </Answer>
          </Variable>
          <Variable Section="Var" AnswerType="Lookup List" LookupListType="Small Tag Code Chart" QuestionID="11430834" Question="Translation Code">
            <Answer>
              <AnswerID />
              <AnswerValues>
                <AnswerValue Name=""></AnswerValue>
              </AnswerValues>
              <AnswerPrefix />
              <AnswerSuffix />
              <AnswerTranslations>
                <Translation Language="En" Value="" />
              </AnswerTranslations>
            </Answer>
          </Variable>
        </Variables>
      </Item>
      <Item>
        <ItemID>7212349</ItemID>
        <VariantName>J. HART &amp; BROS HERITAGE TAG-0050</VariantName>
        <Quantity>255</Quantity>
        <SizeChartItem Id="11430825" Value="J. HART &amp; BROS HERITAGE TAG-0050" SizeChartName="6101,6102,6103,6195 - J. HART &amp; BROS HERITAGE TAG">
          <Size Name="IT" Value="XXL" />
          <Size Name="EUR" Value="XXL" />
        </SizeChartItem>
        <Variables>
          <Variable Section="Var" AnswerType="Lookup List" LookupListType="Attributes" QuestionID="11430823" Question="Currency">
            <Answer>
              <AnswerID>24440</AnswerID>
              <AnswerValues>
                <AnswerValue Name="Currency">EUR</AnswerValue>
                <AnswerValue Name="Symbol">€</AnswerValue>
              </AnswerValues>
              <AnswerPrefix />
              <AnswerSuffix />
              <AnswerTranslations />
            </Answer>
          </Variable>
          <Variable Section="Var" AnswerType="Barcode" QuestionID="11430822" Question="Barcode Number">
            <Answer>
              <AnswerID />
              <AnswerValues>
                <AnswerValue Name="">8057914572606</AnswerValue>
              </AnswerValues>
              <AnswerPrefix />
              <AnswerSuffix />
              <AnswerTranslations>
                <Translation Language="En" Value="8057914572606" />
              </AnswerTranslations>
            </Answer>
          </Variable>
          <Variable Section="Var" AnswerType="Text" QuestionID="11430824" Question="Selling Price">
            <Answer>
              <AnswerID />
              <AnswerValues>
                <AnswerValue Name="">10,99</AnswerValue>
              </AnswerValues>
              <AnswerPrefix />
              <AnswerSuffix />
              <AnswerTranslations>
                <Translation Language="En" Value="10,99" />
              </AnswerTranslations>
            </Answer>
          </Variable>
          <Variable Section="Var" AnswerType="Text" QuestionID="11430826" Question="SKU Code">
            <Answer>
              <AnswerID />
              <AnswerValues>
                <AnswerValue Name="">3967988</AnswerValue>
              </AnswerValues>
              <AnswerPrefix />
              <AnswerSuffix />
              <AnswerTranslations>
                <Translation Language="En" Value="3967988" />
              </AnswerTranslations>
            </Answer>
          </Variable>
          <Variable Section="Var" AnswerType="Text" QuestionID="11430827" Question="Commercial Ref">
            <Answer>
              <AnswerID />
              <AnswerValues>
                <AnswerValue Name="">CS5090 5B07</AnswerValue>
              </AnswerValues>
              <AnswerPrefix />
              <AnswerSuffix />
              <AnswerTranslations>
                <Translation Language="En" Value="CS5090 5B07" />
              </AnswerTranslations>
            </Answer>
          </Variable>
          <Variable Section="Var" AnswerType="Lookup List" LookupListType="Variable" QuestionID="11430828" Question="Country">
            <Answer>
              <AnswerID>28125</AnswerID>
              <AnswerValues>
                <AnswerValue Name="Name">UPIM</AnswerValue>
              </AnswerValues>
              <AnswerPrefix />
              <AnswerSuffix />
              <AnswerTranslations />
            </Answer>
          </Variable>
          <Variable Section="Var" AnswerType="Text" QuestionID="11430829" Question="Color">
            <Answer>
              <AnswerID />
              <AnswerValues>
                <AnswerValue Name="">PRISTINE</AnswerValue>
              </AnswerValues>
              <AnswerPrefix />
              <AnswerSuffix />
              <AnswerTranslations>
                <Translation Language="En" Value="PRISTINE" />
              </AnswerTranslations>
            </Answer>
          </Variable>
          <Variable Section="Var" AnswerType="Text" QuestionID="11430830" Question="Department">
            <Answer>
              <AnswerID />
              <AnswerValues>
                <AnswerValue Name="">6198</AnswerValue>
              </AnswerValues>
              <AnswerPrefix />
              <AnswerSuffix />
              <AnswerTranslations>
                <Translation Language="En" Value="6198" />
              </AnswerTranslations>
            </Answer>
          </Variable>
          <Variable Section="Var" AnswerType="Text" QuestionID="11430831" Question="Style Code">
            <Answer>
              <AnswerID />
              <AnswerValues>
                <AnswerValue Name="">3967984</AnswerValue>
              </AnswerValues>
              <AnswerPrefix />
              <AnswerSuffix />
              <AnswerTranslations>
                <Translation Language="En" Value="3967984" />
              </AnswerTranslations>
            </Answer>
          </Variable>
          <Variable Section="Var" AnswerType="Text" QuestionID="11430832" Question="Sub Department">
            <Answer>
              <AnswerID />
              <AnswerValues>
                <AnswerValue Name="">6873</AnswerValue>
              </AnswerValues>
              <AnswerPrefix />
              <AnswerSuffix />
              <AnswerTranslations>
                <Translation Language="En" Value="6873" />
              </AnswerTranslations>
            </Answer>
          </Variable>
          <Variable Section="Var" AnswerType="Text" QuestionID="11430833" Question="Supplier Style">
            <Answer>
              <AnswerID />
              <AnswerValues>
                <AnswerValue Name="">252TSH130TS130-6198</AnswerValue>
              </AnswerValues>
              <AnswerPrefix />
              <AnswerSuffix />
              <AnswerTranslations>
                <Translation Language="En" Value="252TSH130TS130-6198" />
              </AnswerTranslations>
            </Answer>
          </Variable>
          <Variable Section="Var" AnswerType="Lookup List" LookupListType="Small Tag Code Chart" QuestionID="11430834" Question="Translation Code">
            <Answer>
              <AnswerID />
              <AnswerValues>
                <AnswerValue Name=""></AnswerValue>
              </AnswerValues>
              <AnswerPrefix />
              <AnswerSuffix />
              <AnswerTranslations>
                <Translation Language="En" Value="" />
              </AnswerTranslations>
            </Answer>
          </Variable>
        </Variables>
      </Item>
    </OrderItem>
  </OrderItems>
</Order>