﻿<?xml version="1.0" encoding="utf-8"?>
<Order xmlns:xsd="http://www.w3.org/2001/XMLSchema" xmlns:xsi="http://www.w3.org/2001/XMLSchema-instance">
  <OrderStatus>Released</OrderStatus>
  <SubStatus />
  <ArtworkRequired>False</ArtworkRequired>
  <ArtworkStatus />
  <Site>ovs.bgpconnect.com</Site>
  <OrderID>B0602224</OrderID>
  <OrderLink>https://ovs.bgpconnect.com/Order?orderId=602224</OrderLink>
  <CustomerID>1754</CustomerID>
  <CustomerName>S.K.L. EXPORTS</CustomerName>
  <CustomerEmail>trims@sklexports.com</CustomerEmail>
  <CreatedDate>29/01/2025 07:29</CreatedDate>
  <CustomerRef>REVPO NO: 7460 252TSH055-282</CustomerRef>
  <RequiredDate>08/02/2025</RequiredDate>
  <OrderedFromLocationID>india</OrderedFromLocationID>
  <OrderedFromLocation>Sainmarks Industries India Private Ltd</OrderedFromLocation>
  <InvoiceLocation>
    <LocationID>1989</LocationID>
    <LocationName>S.K.L. EXPORTS</LocationName>
    <AddressLine1>SF NO : 396/2E, 291/1C, MAHA VISHNU NAGAR</AddressLine1>
    <AddressLine2>ANGERIPALAYAM ROAD,</AddressLine2>
    <AddressLine3>TIRUPUR</AddressLine3>
    <City />
    <PostCode>641603</PostCode>
    <isoCountryCode>IN</isoCountryCode>
  </InvoiceLocation>
  <DeliveryLocation>
    <LocationID>1989</LocationID>
    <LocationName>S.K.L. EXPORTS</LocationName>
    <AddressLine1>SF NO : 396/2E, 291/1C, MAHA VISHNU NAGAR</AddressLine1>
    <AddressLine2>ANGERIPALAYAM ROAD,</AddressLine2>
    <AddressLine3>TIRUPUR</AddressLine3>
    <City />
    <PostCode>641603</PostCode>
    <isoCountryCode>IN</isoCountryCode>
  </DeliveryLocation>
  <OrderItems>
    <OrderItem>
      <OrderItemID>917528</OrderItemID>
      <PurchaseOrder>
        <Reference />
      </PurchaseOrder>
      <Asset Id="7643">
        <Name>AT F S 20</Name>
        <Description>AT F S 20</Description>
        <Codes>
          <Code Name="BPC" Value="AT F S 20" />
        </Codes>
        <ProductTypes>
          <ProductType Domain="Retailer">Clothing tag</ProductType>
          <ProductType Domain="Britannia">Variable Data Swing Ticket</ProductType>
        </ProductTypes>
      </Asset>
      <Item>
        <ItemID>6996452</ItemID>
        <VariantName>227,282_F1_FAGOTTINO TOP-0020</VariantName>
        <Quantity>748</Quantity>
        <SizeChartItem Id="11058296" Value="227,282_F1_FAGOTTINO TOP-0020" SizeChartName="227,282_F2_FAGOTTINO TOP">
          <Size Name="MONTHS" Value="12-18" />
          <Size Name="CM" Value="80" />
          <Size Name="KG" Value="9,5-11" />
          <Size Name="INCHES" Value="31,5" />
        </SizeChartItem>
        <Variables>
          <Variable Section="Var" AnswerType="Barcode" QuestionID="11058294" Question="Barcode Number">
            <Answer>
              <AnswerID />
              <AnswerValues>
                <AnswerValue Name="">8053145088817</AnswerValue>
              </AnswerValues>
              <AnswerPrefix />
              <AnswerSuffix />
              <AnswerTranslations>
                <Translation Language="En" Value="8053145088817" />
              </AnswerTranslations>
            </Answer>
          </Variable>
          <Variable Section="Var" AnswerType="Text" QuestionID="11058295" Question="Selling Price">
            <Answer>
              <AnswerID />
              <AnswerValues>
                <AnswerValue Name="">9,95</AnswerValue>
              </AnswerValues>
              <AnswerPrefix />
              <AnswerSuffix />
              <AnswerTranslations>
                <Translation Language="En" Value="9,95" />
              </AnswerTranslations>
            </Answer>
          </Variable>
          <Variable Section="Var" AnswerType="Text" QuestionID="11058297" Question="SKU Code">
            <Answer>
              <AnswerID />
              <AnswerValues>
                <AnswerValue Name="">2396278</AnswerValue>
              </AnswerValues>
              <AnswerPrefix />
              <AnswerSuffix />
              <AnswerTranslations>
                <Translation Language="En" Value="2396278" />
              </AnswerTranslations>
            </Answer>
          </Variable>
          <Variable Section="Var" AnswerType="Text" QuestionID="11058298" Question="Commercial Ref">
            <Answer>
              <AnswerID />
              <AnswerValues>
                <AnswerValue Name="">PR700 AI06</AnswerValue>
              </AnswerValues>
              <AnswerPrefix />
              <AnswerSuffix />
              <AnswerTranslations>
                <Translation Language="En" Value="PR700 AI06" />
              </AnswerTranslations>
            </Answer>
          </Variable>
          <Variable Section="Var" AnswerType="Lookup List" LookupListType="Variable" QuestionID="11058299" Question="Country">
            <Answer>
              <AnswerID>28111</AnswerID>
              <AnswerValues>
                <AnswerValue Name="Name">ITALY</AnswerValue>
              </AnswerValues>
              <AnswerPrefix />
              <AnswerSuffix />
              <AnswerTranslations />
            </Answer>
          </Variable>
          <Variable Section="Var" AnswerType="Text" QuestionID="11058300" Question="Color">
            <Answer>
              <AnswerID />
              <AnswerValues>
                <AnswerValue Name="">OXFORD TAN</AnswerValue>
              </AnswerValues>
              <AnswerPrefix />
              <AnswerSuffix />
              <AnswerTranslations>
                <Translation Language="En" Value="OXFORD TAN" />
              </AnswerTranslations>
            </Answer>
          </Variable>
          <Variable Section="Var" AnswerType="Text" QuestionID="11058301" Question="Department">
            <Answer>
              <AnswerID />
              <AnswerValues>
                <AnswerValue Name="">282</AnswerValue>
              </AnswerValues>
              <AnswerPrefix />
              <AnswerSuffix />
              <AnswerTranslations>
                <Translation Language="En" Value="282" />
              </AnswerTranslations>
            </Answer>
          </Variable>
          <Variable Section="Var" AnswerType="Text" QuestionID="11058302" Question="Style Code">
            <Answer>
              <AnswerID />
              <AnswerValues>
                <AnswerValue Name="">2396278</AnswerValue>
              </AnswerValues>
              <AnswerPrefix />
              <AnswerSuffix />
              <AnswerTranslations>
                <Translation Language="En" Value="2396278" />
              </AnswerTranslations>
            </Answer>
          </Variable>
          <Variable Section="Var" AnswerType="Text" QuestionID="11058303" Question="Sub Department">
            <Answer>
              <AnswerID />
              <AnswerValues>
                <AnswerValue Name="">3559</AnswerValue>
              </AnswerValues>
              <AnswerPrefix />
              <AnswerSuffix />
              <AnswerTranslations>
                <Translation Language="En" Value="3559" />
              </AnswerTranslations>
            </Answer>
          </Variable>
          <Variable Section="Var" AnswerType="Text" QuestionID="11058304" Question="Supplier Style">
            <Answer>
              <AnswerID />
              <AnswerValues>
                <AnswerValue Name="">252TSH055-282</AnswerValue>
              </AnswerValues>
              <AnswerPrefix />
              <AnswerSuffix />
              <AnswerTranslations>
                <Translation Language="En" Value="252TSH055-282" />
              </AnswerTranslations>
            </Answer>
          </Variable>
          <Variable Section="Var" AnswerType="Lookup List" LookupListType="Attributes" QuestionID="11058305" Question="Currency">
            <Answer>
              <AnswerID>24440</AnswerID>
              <AnswerValues>
                <AnswerValue Name="Currency">EUR</AnswerValue>
                <AnswerValue Name="Symbol">€</AnswerValue>
              </AnswerValues>
              <AnswerPrefix />
              <AnswerSuffix />
              <AnswerTranslations />
            </Answer>
          </Variable>
          <Variable Section="Var" AnswerType="Lookup List" LookupListType="Variable" QuestionID="11058306" Question="Apparel Categories">
            <Answer>
              <AnswerID>37851</AnswerID>
              <AnswerValues>
                <AnswerValue Name="Type">FAGOTTINO</AnswerValue>
              </AnswerValues>
              <AnswerPrefix />
              <AnswerSuffix />
              <AnswerTranslations />
            </Answer>
          </Variable>
        </Variables>
      </Item>
      <Item>
        <ItemID>6996453</ItemID>
        <VariantName>227,282_F1_FAGOTTINO TOP-0030</VariantName>
        <Quantity>757</Quantity>
        <SizeChartItem Id="11058296" Value="227,282_F1_FAGOTTINO TOP-0030" SizeChartName="227,282_F2_FAGOTTINO TOP">
          <Size Name="MONTHS" Value="18-24" />
          <Size Name="CM" Value="86" />
          <Size Name="KG" Value="11-12,5" />
          <Size Name="INCHES" Value="33,9" />
        </SizeChartItem>
        <Variables>
          <Variable Section="Var" AnswerType="Barcode" QuestionID="11058294" Question="Barcode Number">
            <Answer>
              <AnswerID />
              <AnswerValues>
                <AnswerValue Name="">8053145088824</AnswerValue>
              </AnswerValues>
              <AnswerPrefix />
              <AnswerSuffix />
              <AnswerTranslations>
                <Translation Language="En" Value="8053145088824" />
              </AnswerTranslations>
            </Answer>
          </Variable>
          <Variable Section="Var" AnswerType="Text" QuestionID="11058295" Question="Selling Price">
            <Answer>
              <AnswerID />
              <AnswerValues>
                <AnswerValue Name="">9,95</AnswerValue>
              </AnswerValues>
              <AnswerPrefix />
              <AnswerSuffix />
              <AnswerTranslations>
                <Translation Language="En" Value="9,95" />
              </AnswerTranslations>
            </Answer>
          </Variable>
          <Variable Section="Var" AnswerType="Text" QuestionID="11058297" Question="SKU Code">
            <Answer>
              <AnswerID />
              <AnswerValues>
                <AnswerValue Name="">2396279</AnswerValue>
              </AnswerValues>
              <AnswerPrefix />
              <AnswerSuffix />
              <AnswerTranslations>
                <Translation Language="En" Value="2396279" />
              </AnswerTranslations>
            </Answer>
          </Variable>
          <Variable Section="Var" AnswerType="Text" QuestionID="11058298" Question="Commercial Ref">
            <Answer>
              <AnswerID />
              <AnswerValues>
                <AnswerValue Name="">PR700 AI06</AnswerValue>
              </AnswerValues>
              <AnswerPrefix />
              <AnswerSuffix />
              <AnswerTranslations>
                <Translation Language="En" Value="PR700 AI06" />
              </AnswerTranslations>
            </Answer>
          </Variable>
          <Variable Section="Var" AnswerType="Lookup List" LookupListType="Variable" QuestionID="11058299" Question="Country">
            <Answer>
              <AnswerID>28111</AnswerID>
              <AnswerValues>
                <AnswerValue Name="Name">ITALY</AnswerValue>
              </AnswerValues>
              <AnswerPrefix />
              <AnswerSuffix />
              <AnswerTranslations />
            </Answer>
          </Variable>
          <Variable Section="Var" AnswerType="Text" QuestionID="11058300" Question="Color">
            <Answer>
              <AnswerID />
              <AnswerValues>
                <AnswerValue Name="">OXFORD TAN</AnswerValue>
              </AnswerValues>
              <AnswerPrefix />
              <AnswerSuffix />
              <AnswerTranslations>
                <Translation Language="En" Value="OXFORD TAN" />
              </AnswerTranslations>
            </Answer>
          </Variable>
          <Variable Section="Var" AnswerType="Text" QuestionID="11058301" Question="Department">
            <Answer>
              <AnswerID />
              <AnswerValues>
                <AnswerValue Name="">282</AnswerValue>
              </AnswerValues>
              <AnswerPrefix />
              <AnswerSuffix />
              <AnswerTranslations>
                <Translation Language="En" Value="282" />
              </AnswerTranslations>
            </Answer>
          </Variable>
          <Variable Section="Var" AnswerType="Text" QuestionID="11058302" Question="Style Code">
            <Answer>
              <AnswerID />
              <AnswerValues>
                <AnswerValue Name="">2396278</AnswerValue>
              </AnswerValues>
              <AnswerPrefix />
              <AnswerSuffix />
              <AnswerTranslations>
                <Translation Language="En" Value="2396278" />
              </AnswerTranslations>
            </Answer>
          </Variable>
          <Variable Section="Var" AnswerType="Text" QuestionID="11058303" Question="Sub Department">
            <Answer>
              <AnswerID />
              <AnswerValues>
                <AnswerValue Name="">3559</AnswerValue>
              </AnswerValues>
              <AnswerPrefix />
              <AnswerSuffix />
              <AnswerTranslations>
                <Translation Language="En" Value="3559" />
              </AnswerTranslations>
            </Answer>
          </Variable>
          <Variable Section="Var" AnswerType="Text" QuestionID="11058304" Question="Supplier Style">
            <Answer>
              <AnswerID />
              <AnswerValues>
                <AnswerValue Name="">252TSH055-282</AnswerValue>
              </AnswerValues>
              <AnswerPrefix />
              <AnswerSuffix />
              <AnswerTranslations>
                <Translation Language="En" Value="252TSH055-282" />
              </AnswerTranslations>
            </Answer>
          </Variable>
          <Variable Section="Var" AnswerType="Lookup List" LookupListType="Attributes" QuestionID="11058305" Question="Currency">
            <Answer>
              <AnswerID>24440</AnswerID>
              <AnswerValues>
                <AnswerValue Name="Currency">EUR</AnswerValue>
                <AnswerValue Name="Symbol">€</AnswerValue>
              </AnswerValues>
              <AnswerPrefix />
              <AnswerSuffix />
              <AnswerTranslations />
            </Answer>
          </Variable>
          <Variable Section="Var" AnswerType="Lookup List" LookupListType="Variable" QuestionID="11058306" Question="Apparel Categories">
            <Answer>
              <AnswerID>37851</AnswerID>
              <AnswerValues>
                <AnswerValue Name="Type">FAGOTTINO</AnswerValue>
              </AnswerValues>
              <AnswerPrefix />
              <AnswerSuffix />
              <AnswerTranslations />
            </Answer>
          </Variable>
        </Variables>
      </Item>
      <Item>
        <ItemID>6996454</ItemID>
        <VariantName>227,282_F1_FAGOTTINO TOP-0040</VariantName>
        <Quantity>1492</Quantity>
        <SizeChartItem Id="11058296" Value="227,282_F1_FAGOTTINO TOP-0040" SizeChartName="227,282_F2_FAGOTTINO TOP">
          <Size Name="MONTHS" Value="24-30" />
          <Size Name="CM" Value="92" />
          <Size Name="KG" Value="12,5-14" />
          <Size Name="INCHES" Value="36,2" />
        </SizeChartItem>
        <Variables>
          <Variable Section="Var" AnswerType="Barcode" QuestionID="11058294" Question="Barcode Number">
            <Answer>
              <AnswerID />
              <AnswerValues>
                <AnswerValue Name="">8053145088831</AnswerValue>
              </AnswerValues>
              <AnswerPrefix />
              <AnswerSuffix />
              <AnswerTranslations>
                <Translation Language="En" Value="8053145088831" />
              </AnswerTranslations>
            </Answer>
          </Variable>
          <Variable Section="Var" AnswerType="Text" QuestionID="11058295" Question="Selling Price">
            <Answer>
              <AnswerID />
              <AnswerValues>
                <AnswerValue Name="">9,95</AnswerValue>
              </AnswerValues>
              <AnswerPrefix />
              <AnswerSuffix />
              <AnswerTranslations>
                <Translation Language="En" Value="9,95" />
              </AnswerTranslations>
            </Answer>
          </Variable>
          <Variable Section="Var" AnswerType="Text" QuestionID="11058297" Question="SKU Code">
            <Answer>
              <AnswerID />
              <AnswerValues>
                <AnswerValue Name="">2396280</AnswerValue>
              </AnswerValues>
              <AnswerPrefix />
              <AnswerSuffix />
              <AnswerTranslations>
                <Translation Language="En" Value="2396280" />
              </AnswerTranslations>
            </Answer>
          </Variable>
          <Variable Section="Var" AnswerType="Text" QuestionID="11058298" Question="Commercial Ref">
            <Answer>
              <AnswerID />
              <AnswerValues>
                <AnswerValue Name="">PR700 AI06</AnswerValue>
              </AnswerValues>
              <AnswerPrefix />
              <AnswerSuffix />
              <AnswerTranslations>
                <Translation Language="En" Value="PR700 AI06" />
              </AnswerTranslations>
            </Answer>
          </Variable>
          <Variable Section="Var" AnswerType="Lookup List" LookupListType="Variable" QuestionID="11058299" Question="Country">
            <Answer>
              <AnswerID>28111</AnswerID>
              <AnswerValues>
                <AnswerValue Name="Name">ITALY</AnswerValue>
              </AnswerValues>
              <AnswerPrefix />
              <AnswerSuffix />
              <AnswerTranslations />
            </Answer>
          </Variable>
          <Variable Section="Var" AnswerType="Text" QuestionID="11058300" Question="Color">
            <Answer>
              <AnswerID />
              <AnswerValues>
                <AnswerValue Name="">OXFORD TAN</AnswerValue>
              </AnswerValues>
              <AnswerPrefix />
              <AnswerSuffix />
              <AnswerTranslations>
                <Translation Language="En" Value="OXFORD TAN" />
              </AnswerTranslations>
            </Answer>
          </Variable>
          <Variable Section="Var" AnswerType="Text" QuestionID="11058301" Question="Department">
            <Answer>
              <AnswerID />
              <AnswerValues>
                <AnswerValue Name="">282</AnswerValue>
              </AnswerValues>
              <AnswerPrefix />
              <AnswerSuffix />
              <AnswerTranslations>
                <Translation Language="En" Value="282" />
              </AnswerTranslations>
            </Answer>
          </Variable>
          <Variable Section="Var" AnswerType="Text" QuestionID="11058302" Question="Style Code">
            <Answer>
              <AnswerID />
              <AnswerValues>
                <AnswerValue Name="">2396278</AnswerValue>
              </AnswerValues>
              <AnswerPrefix />
              <AnswerSuffix />
              <AnswerTranslations>
                <Translation Language="En" Value="2396278" />
              </AnswerTranslations>
            </Answer>
          </Variable>
          <Variable Section="Var" AnswerType="Text" QuestionID="11058303" Question="Sub Department">
            <Answer>
              <AnswerID />
              <AnswerValues>
                <AnswerValue Name="">3559</AnswerValue>
              </AnswerValues>
              <AnswerPrefix />
              <AnswerSuffix />
              <AnswerTranslations>
                <Translation Language="En" Value="3559" />
              </AnswerTranslations>
            </Answer>
          </Variable>
          <Variable Section="Var" AnswerType="Text" QuestionID="11058304" Question="Supplier Style">
            <Answer>
              <AnswerID />
              <AnswerValues>
                <AnswerValue Name="">252TSH055-282</AnswerValue>
              </AnswerValues>
              <AnswerPrefix />
              <AnswerSuffix />
              <AnswerTranslations>
                <Translation Language="En" Value="252TSH055-282" />
              </AnswerTranslations>
            </Answer>
          </Variable>
          <Variable Section="Var" AnswerType="Lookup List" LookupListType="Attributes" QuestionID="11058305" Question="Currency">
            <Answer>
              <AnswerID>24440</AnswerID>
              <AnswerValues>
                <AnswerValue Name="Currency">EUR</AnswerValue>
                <AnswerValue Name="Symbol">€</AnswerValue>
              </AnswerValues>
              <AnswerPrefix />
              <AnswerSuffix />
              <AnswerTranslations />
            </Answer>
          </Variable>
          <Variable Section="Var" AnswerType="Lookup List" LookupListType="Variable" QuestionID="11058306" Question="Apparel Categories">
            <Answer>
              <AnswerID>37851</AnswerID>
              <AnswerValues>
                <AnswerValue Name="Type">FAGOTTINO</AnswerValue>
              </AnswerValues>
              <AnswerPrefix />
              <AnswerSuffix />
              <AnswerTranslations />
            </Answer>
          </Variable>
        </Variables>
      </Item>
      <Item>
        <ItemID>6996455</ItemID>
        <VariantName>227,282_F1_FAGOTTINO TOP-0050</VariantName>
        <Quantity>1499</Quantity>
        <SizeChartItem Id="11058296" Value="227,282_F1_FAGOTTINO TOP-0050" SizeChartName="227,282_F2_FAGOTTINO TOP">
          <Size Name="MONTHS" Value="30-36" />
          <Size Name="CM" Value="98" />
          <Size Name="KG" Value="14-15,5" />
          <Size Name="INCHES" Value="38,6" />
        </SizeChartItem>
        <Variables>
          <Variable Section="Var" AnswerType="Barcode" QuestionID="11058294" Question="Barcode Number">
            <Answer>
              <AnswerID />
              <AnswerValues>
                <AnswerValue Name="">8053145088848</AnswerValue>
              </AnswerValues>
              <AnswerPrefix />
              <AnswerSuffix />
              <AnswerTranslations>
                <Translation Language="En" Value="8053145088848" />
              </AnswerTranslations>
            </Answer>
          </Variable>
          <Variable Section="Var" AnswerType="Text" QuestionID="11058295" Question="Selling Price">
            <Answer>
              <AnswerID />
              <AnswerValues>
                <AnswerValue Name="">9,95</AnswerValue>
              </AnswerValues>
              <AnswerPrefix />
              <AnswerSuffix />
              <AnswerTranslations>
                <Translation Language="En" Value="9,95" />
              </AnswerTranslations>
            </Answer>
          </Variable>
          <Variable Section="Var" AnswerType="Text" QuestionID="11058297" Question="SKU Code">
            <Answer>
              <AnswerID />
              <AnswerValues>
                <AnswerValue Name="">2396281</AnswerValue>
              </AnswerValues>
              <AnswerPrefix />
              <AnswerSuffix />
              <AnswerTranslations>
                <Translation Language="En" Value="2396281" />
              </AnswerTranslations>
            </Answer>
          </Variable>
          <Variable Section="Var" AnswerType="Text" QuestionID="11058298" Question="Commercial Ref">
            <Answer>
              <AnswerID />
              <AnswerValues>
                <AnswerValue Name="">PR700 AI06</AnswerValue>
              </AnswerValues>
              <AnswerPrefix />
              <AnswerSuffix />
              <AnswerTranslations>
                <Translation Language="En" Value="PR700 AI06" />
              </AnswerTranslations>
            </Answer>
          </Variable>
          <Variable Section="Var" AnswerType="Lookup List" LookupListType="Variable" QuestionID="11058299" Question="Country">
            <Answer>
              <AnswerID>28111</AnswerID>
              <AnswerValues>
                <AnswerValue Name="Name">ITALY</AnswerValue>
              </AnswerValues>
              <AnswerPrefix />
              <AnswerSuffix />
              <AnswerTranslations />
            </Answer>
          </Variable>
          <Variable Section="Var" AnswerType="Text" QuestionID="11058300" Question="Color">
            <Answer>
              <AnswerID />
              <AnswerValues>
                <AnswerValue Name="">OXFORD TAN</AnswerValue>
              </AnswerValues>
              <AnswerPrefix />
              <AnswerSuffix />
              <AnswerTranslations>
                <Translation Language="En" Value="OXFORD TAN" />
              </AnswerTranslations>
            </Answer>
          </Variable>
          <Variable Section="Var" AnswerType="Text" QuestionID="11058301" Question="Department">
            <Answer>
              <AnswerID />
              <AnswerValues>
                <AnswerValue Name="">282</AnswerValue>
              </AnswerValues>
              <AnswerPrefix />
              <AnswerSuffix />
              <AnswerTranslations>
                <Translation Language="En" Value="282" />
              </AnswerTranslations>
            </Answer>
          </Variable>
          <Variable Section="Var" AnswerType="Text" QuestionID="11058302" Question="Style Code">
            <Answer>
              <AnswerID />
              <AnswerValues>
                <AnswerValue Name="">2396278</AnswerValue>
              </AnswerValues>
              <AnswerPrefix />
              <AnswerSuffix />
              <AnswerTranslations>
                <Translation Language="En" Value="2396278" />
              </AnswerTranslations>
            </Answer>
          </Variable>
          <Variable Section="Var" AnswerType="Text" QuestionID="11058303" Question="Sub Department">
            <Answer>
              <AnswerID />
              <AnswerValues>
                <AnswerValue Name="">3559</AnswerValue>
              </AnswerValues>
              <AnswerPrefix />
              <AnswerSuffix />
              <AnswerTranslations>
                <Translation Language="En" Value="3559" />
              </AnswerTranslations>
            </Answer>
          </Variable>
          <Variable Section="Var" AnswerType="Text" QuestionID="11058304" Question="Supplier Style">
            <Answer>
              <AnswerID />
              <AnswerValues>
                <AnswerValue Name="">252TSH055-282</AnswerValue>
              </AnswerValues>
              <AnswerPrefix />
              <AnswerSuffix />
              <AnswerTranslations>
                <Translation Language="En" Value="252TSH055-282" />
              </AnswerTranslations>
            </Answer>
          </Variable>
          <Variable Section="Var" AnswerType="Lookup List" LookupListType="Attributes" QuestionID="11058305" Question="Currency">
            <Answer>
              <AnswerID>24440</AnswerID>
              <AnswerValues>
                <AnswerValue Name="Currency">EUR</AnswerValue>
                <AnswerValue Name="Symbol">€</AnswerValue>
              </AnswerValues>
              <AnswerPrefix />
              <AnswerSuffix />
              <AnswerTranslations />
            </Answer>
          </Variable>
          <Variable Section="Var" AnswerType="Lookup List" LookupListType="Variable" QuestionID="11058306" Question="Apparel Categories">
            <Answer>
              <AnswerID>37851</AnswerID>
              <AnswerValues>
                <AnswerValue Name="Type">FAGOTTINO</AnswerValue>
              </AnswerValues>
              <AnswerPrefix />
              <AnswerSuffix />
              <AnswerTranslations />
            </Answer>
          </Variable>
        </Variables>
      </Item>
      <Item>
        <ItemID>6996456</ItemID>
        <VariantName>227,282_F1_FAGOTTINO TOP-0020</VariantName>
        <Quantity>226</Quantity>
        <SizeChartItem Id="11058296" Value="227,282_F1_FAGOTTINO TOP-0020" SizeChartName="227,282_F2_FAGOTTINO TOP">
          <Size Name="MONTHS" Value="12-18" />
          <Size Name="CM" Value="80" />
          <Size Name="KG" Value="9,5-11" />
          <Size Name="INCHES" Value="31,5" />
        </SizeChartItem>
        <Variables>
          <Variable Section="Var" AnswerType="Barcode" QuestionID="11058294" Question="Barcode Number">
            <Answer>
              <AnswerID />
              <AnswerValues>
                <AnswerValue Name="">8053145088817</AnswerValue>
              </AnswerValues>
              <AnswerPrefix />
              <AnswerSuffix />
              <AnswerTranslations>
                <Translation Language="En" Value="8053145088817" />
              </AnswerTranslations>
            </Answer>
          </Variable>
          <Variable Section="Var" AnswerType="Text" QuestionID="11058295" Question="Selling Price">
            <Answer>
              <AnswerID />
              <AnswerValues>
                <AnswerValue Name="">11,95</AnswerValue>
              </AnswerValues>
              <AnswerPrefix />
              <AnswerSuffix />
              <AnswerTranslations>
                <Translation Language="En" Value="11,95" />
              </AnswerTranslations>
            </Answer>
          </Variable>
          <Variable Section="Var" AnswerType="Text" QuestionID="11058297" Question="SKU Code">
            <Answer>
              <AnswerID />
              <AnswerValues>
                <AnswerValue Name="">2396278</AnswerValue>
              </AnswerValues>
              <AnswerPrefix />
              <AnswerSuffix />
              <AnswerTranslations>
                <Translation Language="En" Value="2396278" />
              </AnswerTranslations>
            </Answer>
          </Variable>
          <Variable Section="Var" AnswerType="Text" QuestionID="11058298" Question="Commercial Ref">
            <Answer>
              <AnswerID />
              <AnswerValues>
                <AnswerValue Name="">PR700 AI06</AnswerValue>
              </AnswerValues>
              <AnswerPrefix />
              <AnswerSuffix />
              <AnswerTranslations>
                <Translation Language="En" Value="PR700 AI06" />
              </AnswerTranslations>
            </Answer>
          </Variable>
          <Variable Section="Var" AnswerType="Lookup List" LookupListType="Variable" QuestionID="11058299" Question="Country">
            <Answer>
              <AnswerID>28182</AnswerID>
              <AnswerValues>
                <AnswerValue Name="Name">WARM / COLD</AnswerValue>
              </AnswerValues>
              <AnswerPrefix />
              <AnswerSuffix />
              <AnswerTranslations />
            </Answer>
          </Variable>
          <Variable Section="Var" AnswerType="Text" QuestionID="11058300" Question="Color">
            <Answer>
              <AnswerID />
              <AnswerValues>
                <AnswerValue Name="">OXFORD TAN</AnswerValue>
              </AnswerValues>
              <AnswerPrefix />
              <AnswerSuffix />
              <AnswerTranslations>
                <Translation Language="En" Value="OXFORD TAN" />
              </AnswerTranslations>
            </Answer>
          </Variable>
          <Variable Section="Var" AnswerType="Text" QuestionID="11058301" Question="Department">
            <Answer>
              <AnswerID />
              <AnswerValues>
                <AnswerValue Name="">282</AnswerValue>
              </AnswerValues>
              <AnswerPrefix />
              <AnswerSuffix />
              <AnswerTranslations>
                <Translation Language="En" Value="282" />
              </AnswerTranslations>
            </Answer>
          </Variable>
          <Variable Section="Var" AnswerType="Text" QuestionID="11058302" Question="Style Code">
            <Answer>
              <AnswerID />
              <AnswerValues>
                <AnswerValue Name="">2396278</AnswerValue>
              </AnswerValues>
              <AnswerPrefix />
              <AnswerSuffix />
              <AnswerTranslations>
                <Translation Language="En" Value="2396278" />
              </AnswerTranslations>
            </Answer>
          </Variable>
          <Variable Section="Var" AnswerType="Text" QuestionID="11058303" Question="Sub Department">
            <Answer>
              <AnswerID />
              <AnswerValues>
                <AnswerValue Name="">3559</AnswerValue>
              </AnswerValues>
              <AnswerPrefix />
              <AnswerSuffix />
              <AnswerTranslations>
                <Translation Language="En" Value="3559" />
              </AnswerTranslations>
            </Answer>
          </Variable>
          <Variable Section="Var" AnswerType="Text" QuestionID="11058304" Question="Supplier Style">
            <Answer>
              <AnswerID />
              <AnswerValues>
                <AnswerValue Name="">252TSH055-282</AnswerValue>
              </AnswerValues>
              <AnswerPrefix />
              <AnswerSuffix />
              <AnswerTranslations>
                <Translation Language="En" Value="252TSH055-282" />
              </AnswerTranslations>
            </Answer>
          </Variable>
          <Variable Section="Var" AnswerType="Lookup List" LookupListType="Attributes" QuestionID="11058305" Question="Currency">
            <Answer>
              <AnswerID>24440</AnswerID>
              <AnswerValues>
                <AnswerValue Name="Currency">EUR</AnswerValue>
                <AnswerValue Name="Symbol">€</AnswerValue>
              </AnswerValues>
              <AnswerPrefix />
              <AnswerSuffix />
              <AnswerTranslations />
            </Answer>
          </Variable>
          <Variable Section="Var" AnswerType="Lookup List" LookupListType="Variable" QuestionID="11058306" Question="Apparel Categories">
            <Answer>
              <AnswerID>37851</AnswerID>
              <AnswerValues>
                <AnswerValue Name="Type">FAGOTTINO</AnswerValue>
              </AnswerValues>
              <AnswerPrefix />
              <AnswerSuffix />
              <AnswerTranslations />
            </Answer>
          </Variable>
        </Variables>
      </Item>
      <Item>
        <ItemID>6996457</ItemID>
        <VariantName>227,282_F1_FAGOTTINO TOP-0030</VariantName>
        <Quantity>452</Quantity>
        <SizeChartItem Id="11058296" Value="227,282_F1_FAGOTTINO TOP-0030" SizeChartName="227,282_F2_FAGOTTINO TOP">
          <Size Name="MONTHS" Value="18-24" />
          <Size Name="CM" Value="86" />
          <Size Name="KG" Value="11-12,5" />
          <Size Name="INCHES" Value="33,9" />
        </SizeChartItem>
        <Variables>
          <Variable Section="Var" AnswerType="Barcode" QuestionID="11058294" Question="Barcode Number">
            <Answer>
              <AnswerID />
              <AnswerValues>
                <AnswerValue Name="">8053145088824</AnswerValue>
              </AnswerValues>
              <AnswerPrefix />
              <AnswerSuffix />
              <AnswerTranslations>
                <Translation Language="En" Value="8053145088824" />
              </AnswerTranslations>
            </Answer>
          </Variable>
          <Variable Section="Var" AnswerType="Text" QuestionID="11058295" Question="Selling Price">
            <Answer>
              <AnswerID />
              <AnswerValues>
                <AnswerValue Name="">11,95</AnswerValue>
              </AnswerValues>
              <AnswerPrefix />
              <AnswerSuffix />
              <AnswerTranslations>
                <Translation Language="En" Value="11,95" />
              </AnswerTranslations>
            </Answer>
          </Variable>
          <Variable Section="Var" AnswerType="Text" QuestionID="11058297" Question="SKU Code">
            <Answer>
              <AnswerID />
              <AnswerValues>
                <AnswerValue Name="">2396279</AnswerValue>
              </AnswerValues>
              <AnswerPrefix />
              <AnswerSuffix />
              <AnswerTranslations>
                <Translation Language="En" Value="2396279" />
              </AnswerTranslations>
            </Answer>
          </Variable>
          <Variable Section="Var" AnswerType="Text" QuestionID="11058298" Question="Commercial Ref">
            <Answer>
              <AnswerID />
              <AnswerValues>
                <AnswerValue Name="">PR700 AI06</AnswerValue>
              </AnswerValues>
              <AnswerPrefix />
              <AnswerSuffix />
              <AnswerTranslations>
                <Translation Language="En" Value="PR700 AI06" />
              </AnswerTranslations>
            </Answer>
          </Variable>
          <Variable Section="Var" AnswerType="Lookup List" LookupListType="Variable" QuestionID="11058299" Question="Country">
            <Answer>
              <AnswerID>28182</AnswerID>
              <AnswerValues>
                <AnswerValue Name="Name">WARM / COLD</AnswerValue>
              </AnswerValues>
              <AnswerPrefix />
              <AnswerSuffix />
              <AnswerTranslations />
            </Answer>
          </Variable>
          <Variable Section="Var" AnswerType="Text" QuestionID="11058300" Question="Color">
            <Answer>
              <AnswerID />
              <AnswerValues>
                <AnswerValue Name="">OXFORD TAN</AnswerValue>
              </AnswerValues>
              <AnswerPrefix />
              <AnswerSuffix />
              <AnswerTranslations>
                <Translation Language="En" Value="OXFORD TAN" />
              </AnswerTranslations>
            </Answer>
          </Variable>
          <Variable Section="Var" AnswerType="Text" QuestionID="11058301" Question="Department">
            <Answer>
              <AnswerID />
              <AnswerValues>
                <AnswerValue Name="">282</AnswerValue>
              </AnswerValues>
              <AnswerPrefix />
              <AnswerSuffix />
              <AnswerTranslations>
                <Translation Language="En" Value="282" />
              </AnswerTranslations>
            </Answer>
          </Variable>
          <Variable Section="Var" AnswerType="Text" QuestionID="11058302" Question="Style Code">
            <Answer>
              <AnswerID />
              <AnswerValues>
                <AnswerValue Name="">2396278</AnswerValue>
              </AnswerValues>
              <AnswerPrefix />
              <AnswerSuffix />
              <AnswerTranslations>
                <Translation Language="En" Value="2396278" />
              </AnswerTranslations>
            </Answer>
          </Variable>
          <Variable Section="Var" AnswerType="Text" QuestionID="11058303" Question="Sub Department">
            <Answer>
              <AnswerID />
              <AnswerValues>
                <AnswerValue Name="">3559</AnswerValue>
              </AnswerValues>
              <AnswerPrefix />
              <AnswerSuffix />
              <AnswerTranslations>
                <Translation Language="En" Value="3559" />
              </AnswerTranslations>
            </Answer>
          </Variable>
          <Variable Section="Var" AnswerType="Text" QuestionID="11058304" Question="Supplier Style">
            <Answer>
              <AnswerID />
              <AnswerValues>
                <AnswerValue Name="">252TSH055-282</AnswerValue>
              </AnswerValues>
              <AnswerPrefix />
              <AnswerSuffix />
              <AnswerTranslations>
                <Translation Language="En" Value="252TSH055-282" />
              </AnswerTranslations>
            </Answer>
          </Variable>
          <Variable Section="Var" AnswerType="Lookup List" LookupListType="Attributes" QuestionID="11058305" Question="Currency">
            <Answer>
              <AnswerID>24440</AnswerID>
              <AnswerValues>
                <AnswerValue Name="Currency">EUR</AnswerValue>
                <AnswerValue Name="Symbol">€</AnswerValue>
              </AnswerValues>
              <AnswerPrefix />
              <AnswerSuffix />
              <AnswerTranslations />
            </Answer>
          </Variable>
          <Variable Section="Var" AnswerType="Lookup List" LookupListType="Variable" QuestionID="11058306" Question="Apparel Categories">
            <Answer>
              <AnswerID>37851</AnswerID>
              <AnswerValues>
                <AnswerValue Name="Type">FAGOTTINO</AnswerValue>
              </AnswerValues>
              <AnswerPrefix />
              <AnswerSuffix />
              <AnswerTranslations />
            </Answer>
          </Variable>
        </Variables>
      </Item>
      <Item>
        <ItemID>6996458</ItemID>
        <VariantName>227,282_F1_FAGOTTINO TOP-0040</VariantName>
        <Quantity>452</Quantity>
        <SizeChartItem Id="11058296" Value="227,282_F1_FAGOTTINO TOP-0040" SizeChartName="227,282_F2_FAGOTTINO TOP">
          <Size Name="MONTHS" Value="24-30" />
          <Size Name="CM" Value="92" />
          <Size Name="KG" Value="12,5-14" />
          <Size Name="INCHES" Value="36,2" />
        </SizeChartItem>
        <Variables>
          <Variable Section="Var" AnswerType="Barcode" QuestionID="11058294" Question="Barcode Number">
            <Answer>
              <AnswerID />
              <AnswerValues>
                <AnswerValue Name="">8053145088831</AnswerValue>
              </AnswerValues>
              <AnswerPrefix />
              <AnswerSuffix />
              <AnswerTranslations>
                <Translation Language="En" Value="8053145088831" />
              </AnswerTranslations>
            </Answer>
          </Variable>
          <Variable Section="Var" AnswerType="Text" QuestionID="11058295" Question="Selling Price">
            <Answer>
              <AnswerID />
              <AnswerValues>
                <AnswerValue Name="">11,95</AnswerValue>
              </AnswerValues>
              <AnswerPrefix />
              <AnswerSuffix />
              <AnswerTranslations>
                <Translation Language="En" Value="11,95" />
              </AnswerTranslations>
            </Answer>
          </Variable>
          <Variable Section="Var" AnswerType="Text" QuestionID="11058297" Question="SKU Code">
            <Answer>
              <AnswerID />
              <AnswerValues>
                <AnswerValue Name="">2396280</AnswerValue>
              </AnswerValues>
              <AnswerPrefix />
              <AnswerSuffix />
              <AnswerTranslations>
                <Translation Language="En" Value="2396280" />
              </AnswerTranslations>
            </Answer>
          </Variable>
          <Variable Section="Var" AnswerType="Text" QuestionID="11058298" Question="Commercial Ref">
            <Answer>
              <AnswerID />
              <AnswerValues>
                <AnswerValue Name="">PR700 AI06</AnswerValue>
              </AnswerValues>
              <AnswerPrefix />
              <AnswerSuffix />
              <AnswerTranslations>
                <Translation Language="En" Value="PR700 AI06" />
              </AnswerTranslations>
            </Answer>
          </Variable>
          <Variable Section="Var" AnswerType="Lookup List" LookupListType="Variable" QuestionID="11058299" Question="Country">
            <Answer>
              <AnswerID>28182</AnswerID>
              <AnswerValues>
                <AnswerValue Name="Name">WARM / COLD</AnswerValue>
              </AnswerValues>
              <AnswerPrefix />
              <AnswerSuffix />
              <AnswerTranslations />
            </Answer>
          </Variable>
          <Variable Section="Var" AnswerType="Text" QuestionID="11058300" Question="Color">
            <Answer>
              <AnswerID />
              <AnswerValues>
                <AnswerValue Name="">OXFORD TAN</AnswerValue>
              </AnswerValues>
              <AnswerPrefix />
              <AnswerSuffix />
              <AnswerTranslations>
                <Translation Language="En" Value="OXFORD TAN" />
              </AnswerTranslations>
            </Answer>
          </Variable>
          <Variable Section="Var" AnswerType="Text" QuestionID="11058301" Question="Department">
            <Answer>
              <AnswerID />
              <AnswerValues>
                <AnswerValue Name="">282</AnswerValue>
              </AnswerValues>
              <AnswerPrefix />
              <AnswerSuffix />
              <AnswerTranslations>
                <Translation Language="En" Value="282" />
              </AnswerTranslations>
            </Answer>
          </Variable>
          <Variable Section="Var" AnswerType="Text" QuestionID="11058302" Question="Style Code">
            <Answer>
              <AnswerID />
              <AnswerValues>
                <AnswerValue Name="">2396278</AnswerValue>
              </AnswerValues>
              <AnswerPrefix />
              <AnswerSuffix />
              <AnswerTranslations>
                <Translation Language="En" Value="2396278" />
              </AnswerTranslations>
            </Answer>
          </Variable>
          <Variable Section="Var" AnswerType="Text" QuestionID="11058303" Question="Sub Department">
            <Answer>
              <AnswerID />
              <AnswerValues>
                <AnswerValue Name="">3559</AnswerValue>
              </AnswerValues>
              <AnswerPrefix />
              <AnswerSuffix />
              <AnswerTranslations>
                <Translation Language="En" Value="3559" />
              </AnswerTranslations>
            </Answer>
          </Variable>
          <Variable Section="Var" AnswerType="Text" QuestionID="11058304" Question="Supplier Style">
            <Answer>
              <AnswerID />
              <AnswerValues>
                <AnswerValue Name="">252TSH055-282</AnswerValue>
              </AnswerValues>
              <AnswerPrefix />
              <AnswerSuffix />
              <AnswerTranslations>
                <Translation Language="En" Value="252TSH055-282" />
              </AnswerTranslations>
            </Answer>
          </Variable>
          <Variable Section="Var" AnswerType="Lookup List" LookupListType="Attributes" QuestionID="11058305" Question="Currency">
            <Answer>
              <AnswerID>24440</AnswerID>
              <AnswerValues>
                <AnswerValue Name="Currency">EUR</AnswerValue>
                <AnswerValue Name="Symbol">€</AnswerValue>
              </AnswerValues>
              <AnswerPrefix />
              <AnswerSuffix />
              <AnswerTranslations />
            </Answer>
          </Variable>
          <Variable Section="Var" AnswerType="Lookup List" LookupListType="Variable" QuestionID="11058306" Question="Apparel Categories">
            <Answer>
              <AnswerID>37851</AnswerID>
              <AnswerValues>
                <AnswerValue Name="Type">FAGOTTINO</AnswerValue>
              </AnswerValues>
              <AnswerPrefix />
              <AnswerSuffix />
              <AnswerTranslations />
            </Answer>
          </Variable>
        </Variables>
      </Item>
      <Item>
        <ItemID>6996459</ItemID>
        <VariantName>227,282_F1_FAGOTTINO TOP-0050</VariantName>
        <Quantity>677</Quantity>
        <SizeChartItem Id="11058296" Value="227,282_F1_FAGOTTINO TOP-0050" SizeChartName="227,282_F2_FAGOTTINO TOP">
          <Size Name="MONTHS" Value="30-36" />
          <Size Name="CM" Value="98" />
          <Size Name="KG" Value="14-15,5" />
          <Size Name="INCHES" Value="38,6" />
        </SizeChartItem>
        <Variables>
          <Variable Section="Var" AnswerType="Barcode" QuestionID="11058294" Question="Barcode Number">
            <Answer>
              <AnswerID />
              <AnswerValues>
                <AnswerValue Name="">8053145088848</AnswerValue>
              </AnswerValues>
              <AnswerPrefix />
              <AnswerSuffix />
              <AnswerTranslations>
                <Translation Language="En" Value="8053145088848" />
              </AnswerTranslations>
            </Answer>
          </Variable>
          <Variable Section="Var" AnswerType="Text" QuestionID="11058295" Question="Selling Price">
            <Answer>
              <AnswerID />
              <AnswerValues>
                <AnswerValue Name="">11,95</AnswerValue>
              </AnswerValues>
              <AnswerPrefix />
              <AnswerSuffix />
              <AnswerTranslations>
                <Translation Language="En" Value="11,95" />
              </AnswerTranslations>
            </Answer>
          </Variable>
          <Variable Section="Var" AnswerType="Text" QuestionID="11058297" Question="SKU Code">
            <Answer>
              <AnswerID />
              <AnswerValues>
                <AnswerValue Name="">2396281</AnswerValue>
              </AnswerValues>
              <AnswerPrefix />
              <AnswerSuffix />
              <AnswerTranslations>
                <Translation Language="En" Value="2396281" />
              </AnswerTranslations>
            </Answer>
          </Variable>
          <Variable Section="Var" AnswerType="Text" QuestionID="11058298" Question="Commercial Ref">
            <Answer>
              <AnswerID />
              <AnswerValues>
                <AnswerValue Name="">PR700 AI06</AnswerValue>
              </AnswerValues>
              <AnswerPrefix />
              <AnswerSuffix />
              <AnswerTranslations>
                <Translation Language="En" Value="PR700 AI06" />
              </AnswerTranslations>
            </Answer>
          </Variable>
          <Variable Section="Var" AnswerType="Lookup List" LookupListType="Variable" QuestionID="11058299" Question="Country">
            <Answer>
              <AnswerID>28182</AnswerID>
              <AnswerValues>
                <AnswerValue Name="Name">WARM / COLD</AnswerValue>
              </AnswerValues>
              <AnswerPrefix />
              <AnswerSuffix />
              <AnswerTranslations />
            </Answer>
          </Variable>
          <Variable Section="Var" AnswerType="Text" QuestionID="11058300" Question="Color">
            <Answer>
              <AnswerID />
              <AnswerValues>
                <AnswerValue Name="">OXFORD TAN</AnswerValue>
              </AnswerValues>
              <AnswerPrefix />
              <AnswerSuffix />
              <AnswerTranslations>
                <Translation Language="En" Value="OXFORD TAN" />
              </AnswerTranslations>
            </Answer>
          </Variable>
          <Variable Section="Var" AnswerType="Text" QuestionID="11058301" Question="Department">
            <Answer>
              <AnswerID />
              <AnswerValues>
                <AnswerValue Name="">282</AnswerValue>
              </AnswerValues>
              <AnswerPrefix />
              <AnswerSuffix />
              <AnswerTranslations>
                <Translation Language="En" Value="282" />
              </AnswerTranslations>
            </Answer>
          </Variable>
          <Variable Section="Var" AnswerType="Text" QuestionID="11058302" Question="Style Code">
            <Answer>
              <AnswerID />
              <AnswerValues>
                <AnswerValue Name="">2396278</AnswerValue>
              </AnswerValues>
              <AnswerPrefix />
              <AnswerSuffix />
              <AnswerTranslations>
                <Translation Language="En" Value="2396278" />
              </AnswerTranslations>
            </Answer>
          </Variable>
          <Variable Section="Var" AnswerType="Text" QuestionID="11058303" Question="Sub Department">
            <Answer>
              <AnswerID />
              <AnswerValues>
                <AnswerValue Name="">3559</AnswerValue>
              </AnswerValues>
              <AnswerPrefix />
              <AnswerSuffix />
              <AnswerTranslations>
                <Translation Language="En" Value="3559" />
              </AnswerTranslations>
            </Answer>
          </Variable>
          <Variable Section="Var" AnswerType="Text" QuestionID="11058304" Question="Supplier Style">
            <Answer>
              <AnswerID />
              <AnswerValues>
                <AnswerValue Name="">252TSH055-282</AnswerValue>
              </AnswerValues>
              <AnswerPrefix />
              <AnswerSuffix />
              <AnswerTranslations>
                <Translation Language="En" Value="252TSH055-282" />
              </AnswerTranslations>
            </Answer>
          </Variable>
          <Variable Section="Var" AnswerType="Lookup List" LookupListType="Attributes" QuestionID="11058305" Question="Currency">
            <Answer>
              <AnswerID>24440</AnswerID>
              <AnswerValues>
                <AnswerValue Name="Currency">EUR</AnswerValue>
                <AnswerValue Name="Symbol">€</AnswerValue>
              </AnswerValues>
              <AnswerPrefix />
              <AnswerSuffix />
              <AnswerTranslations />
            </Answer>
          </Variable>
          <Variable Section="Var" AnswerType="Lookup List" LookupListType="Variable" QuestionID="11058306" Question="Apparel Categories">
            <Answer>
              <AnswerID>37851</AnswerID>
              <AnswerValues>
                <AnswerValue Name="Type">FAGOTTINO</AnswerValue>
              </AnswerValues>
              <AnswerPrefix />
              <AnswerSuffix />
              <AnswerTranslations />
            </Answer>
          </Variable>
        </Variables>
      </Item>
      <Item>
        <ItemID>6996460</ItemID>
        <VariantName>227,282_F1_FAGOTTINO TOP-0020</VariantName>
        <Quantity>45</Quantity>
        <SizeChartItem Id="11058296" Value="227,282_F1_FAGOTTINO TOP-0020" SizeChartName="227,282_F2_FAGOTTINO TOP">
          <Size Name="MONTHS" Value="12-18" />
          <Size Name="CM" Value="80" />
          <Size Name="KG" Value="9,5-11" />
          <Size Name="INCHES" Value="31,5" />
        </SizeChartItem>
        <Variables>
          <Variable Section="Var" AnswerType="Barcode" QuestionID="11058294" Question="Barcode Number">
            <Answer>
              <AnswerID />
              <AnswerValues>
                <AnswerValue Name="">8053145088817</AnswerValue>
              </AnswerValues>
              <AnswerPrefix />
              <AnswerSuffix />
              <AnswerTranslations>
                <Translation Language="En" Value="8053145088817" />
              </AnswerTranslations>
            </Answer>
          </Variable>
          <Variable Section="Var" AnswerType="Text" QuestionID="11058295" Question="Selling Price">
            <Answer>
              <AnswerID />
              <AnswerValues>
                <AnswerValue Name="">59,00</AnswerValue>
              </AnswerValues>
              <AnswerPrefix />
              <AnswerSuffix />
              <AnswerTranslations>
                <Translation Language="En" Value="59,00" />
              </AnswerTranslations>
            </Answer>
          </Variable>
          <Variable Section="Var" AnswerType="Text" QuestionID="11058297" Question="SKU Code">
            <Answer>
              <AnswerID />
              <AnswerValues>
                <AnswerValue Name="">2396278</AnswerValue>
              </AnswerValues>
              <AnswerPrefix />
              <AnswerSuffix />
              <AnswerTranslations>
                <Translation Language="En" Value="2396278" />
              </AnswerTranslations>
            </Answer>
          </Variable>
          <Variable Section="Var" AnswerType="Text" QuestionID="11058298" Question="Commercial Ref">
            <Answer>
              <AnswerID />
              <AnswerValues>
                <AnswerValue Name="">PR700 AI06</AnswerValue>
              </AnswerValues>
              <AnswerPrefix />
              <AnswerSuffix />
              <AnswerTranslations>
                <Translation Language="En" Value="PR700 AI06" />
              </AnswerTranslations>
            </Answer>
          </Variable>
          <Variable Section="Var" AnswerType="Lookup List" LookupListType="Variable" QuestionID="11058299" Question="Country">
            <Answer>
              <AnswerID>28115</AnswerID>
              <AnswerValues>
                <AnswerValue Name="Name">MIDDLE EAST</AnswerValue>
              </AnswerValues>
              <AnswerPrefix />
              <AnswerSuffix />
              <AnswerTranslations />
            </Answer>
          </Variable>
          <Variable Section="Var" AnswerType="Text" QuestionID="11058300" Question="Color">
            <Answer>
              <AnswerID />
              <AnswerValues>
                <AnswerValue Name="">OXFORD TAN</AnswerValue>
              </AnswerValues>
              <AnswerPrefix />
              <AnswerSuffix />
              <AnswerTranslations>
                <Translation Language="En" Value="OXFORD TAN" />
              </AnswerTranslations>
            </Answer>
          </Variable>
          <Variable Section="Var" AnswerType="Text" QuestionID="11058301" Question="Department">
            <Answer>
              <AnswerID />
              <AnswerValues>
                <AnswerValue Name="">282</AnswerValue>
              </AnswerValues>
              <AnswerPrefix />
              <AnswerSuffix />
              <AnswerTranslations>
                <Translation Language="En" Value="282" />
              </AnswerTranslations>
            </Answer>
          </Variable>
          <Variable Section="Var" AnswerType="Text" QuestionID="11058302" Question="Style Code">
            <Answer>
              <AnswerID />
              <AnswerValues>
                <AnswerValue Name="">2396278</AnswerValue>
              </AnswerValues>
              <AnswerPrefix />
              <AnswerSuffix />
              <AnswerTranslations>
                <Translation Language="En" Value="2396278" />
              </AnswerTranslations>
            </Answer>
          </Variable>
          <Variable Section="Var" AnswerType="Text" QuestionID="11058303" Question="Sub Department">
            <Answer>
              <AnswerID />
              <AnswerValues>
                <AnswerValue Name="">3559</AnswerValue>
              </AnswerValues>
              <AnswerPrefix />
              <AnswerSuffix />
              <AnswerTranslations>
                <Translation Language="En" Value="3559" />
              </AnswerTranslations>
            </Answer>
          </Variable>
          <Variable Section="Var" AnswerType="Text" QuestionID="11058304" Question="Supplier Style">
            <Answer>
              <AnswerID />
              <AnswerValues>
                <AnswerValue Name="">252TSH055-282</AnswerValue>
              </AnswerValues>
              <AnswerPrefix />
              <AnswerSuffix />
              <AnswerTranslations>
                <Translation Language="En" Value="252TSH055-282" />
              </AnswerTranslations>
            </Answer>
          </Variable>
          <Variable Section="Var" AnswerType="Lookup List" LookupListType="Attributes" QuestionID="11058305" Question="Currency">
            <Answer>
              <AnswerID>28131</AnswerID>
              <AnswerValues>
                <AnswerValue Name="Currency">SAR</AnswerValue>
                <AnswerValue Name="Symbol">SAR</AnswerValue>
              </AnswerValues>
              <AnswerPrefix />
              <AnswerSuffix />
              <AnswerTranslations />
            </Answer>
          </Variable>
          <Variable Section="Var" AnswerType="Lookup List" LookupListType="Variable" QuestionID="11058306" Question="Apparel Categories">
            <Answer>
              <AnswerID>37851</AnswerID>
              <AnswerValues>
                <AnswerValue Name="Type">FAGOTTINO</AnswerValue>
              </AnswerValues>
              <AnswerPrefix />
              <AnswerSuffix />
              <AnswerTranslations />
            </Answer>
          </Variable>
        </Variables>
      </Item>
      <Item>
        <ItemID>6996461</ItemID>
        <VariantName>227,282_F1_FAGOTTINO TOP-0030</VariantName>
        <Quantity>90</Quantity>
        <SizeChartItem Id="11058296" Value="227,282_F1_FAGOTTINO TOP-0030" SizeChartName="227,282_F2_FAGOTTINO TOP">
          <Size Name="MONTHS" Value="18-24" />
          <Size Name="CM" Value="86" />
          <Size Name="KG" Value="11-12,5" />
          <Size Name="INCHES" Value="33,9" />
        </SizeChartItem>
        <Variables>
          <Variable Section="Var" AnswerType="Barcode" QuestionID="11058294" Question="Barcode Number">
            <Answer>
              <AnswerID />
              <AnswerValues>
                <AnswerValue Name="">8053145088824</AnswerValue>
              </AnswerValues>
              <AnswerPrefix />
              <AnswerSuffix />
              <AnswerTranslations>
                <Translation Language="En" Value="8053145088824" />
              </AnswerTranslations>
            </Answer>
          </Variable>
          <Variable Section="Var" AnswerType="Text" QuestionID="11058295" Question="Selling Price">
            <Answer>
              <AnswerID />
              <AnswerValues>
                <AnswerValue Name="">59,00</AnswerValue>
              </AnswerValues>
              <AnswerPrefix />
              <AnswerSuffix />
              <AnswerTranslations>
                <Translation Language="En" Value="59,00" />
              </AnswerTranslations>
            </Answer>
          </Variable>
          <Variable Section="Var" AnswerType="Text" QuestionID="11058297" Question="SKU Code">
            <Answer>
              <AnswerID />
              <AnswerValues>
                <AnswerValue Name="">2396279</AnswerValue>
              </AnswerValues>
              <AnswerPrefix />
              <AnswerSuffix />
              <AnswerTranslations>
                <Translation Language="En" Value="2396279" />
              </AnswerTranslations>
            </Answer>
          </Variable>
          <Variable Section="Var" AnswerType="Text" QuestionID="11058298" Question="Commercial Ref">
            <Answer>
              <AnswerID />
              <AnswerValues>
                <AnswerValue Name="">PR700 AI06</AnswerValue>
              </AnswerValues>
              <AnswerPrefix />
              <AnswerSuffix />
              <AnswerTranslations>
                <Translation Language="En" Value="PR700 AI06" />
              </AnswerTranslations>
            </Answer>
          </Variable>
          <Variable Section="Var" AnswerType="Lookup List" LookupListType="Variable" QuestionID="11058299" Question="Country">
            <Answer>
              <AnswerID>28115</AnswerID>
              <AnswerValues>
                <AnswerValue Name="Name">MIDDLE EAST</AnswerValue>
              </AnswerValues>
              <AnswerPrefix />
              <AnswerSuffix />
              <AnswerTranslations />
            </Answer>
          </Variable>
          <Variable Section="Var" AnswerType="Text" QuestionID="11058300" Question="Color">
            <Answer>
              <AnswerID />
              <AnswerValues>
                <AnswerValue Name="">OXFORD TAN</AnswerValue>
              </AnswerValues>
              <AnswerPrefix />
              <AnswerSuffix />
              <AnswerTranslations>
                <Translation Language="En" Value="OXFORD TAN" />
              </AnswerTranslations>
            </Answer>
          </Variable>
          <Variable Section="Var" AnswerType="Text" QuestionID="11058301" Question="Department">
            <Answer>
              <AnswerID />
              <AnswerValues>
                <AnswerValue Name="">282</AnswerValue>
              </AnswerValues>
              <AnswerPrefix />
              <AnswerSuffix />
              <AnswerTranslations>
                <Translation Language="En" Value="282" />
              </AnswerTranslations>
            </Answer>
          </Variable>
          <Variable Section="Var" AnswerType="Text" QuestionID="11058302" Question="Style Code">
            <Answer>
              <AnswerID />
              <AnswerValues>
                <AnswerValue Name="">2396278</AnswerValue>
              </AnswerValues>
              <AnswerPrefix />
              <AnswerSuffix />
              <AnswerTranslations>
                <Translation Language="En" Value="2396278" />
              </AnswerTranslations>
            </Answer>
          </Variable>
          <Variable Section="Var" AnswerType="Text" QuestionID="11058303" Question="Sub Department">
            <Answer>
              <AnswerID />
              <AnswerValues>
                <AnswerValue Name="">3559</AnswerValue>
              </AnswerValues>
              <AnswerPrefix />
              <AnswerSuffix />
              <AnswerTranslations>
                <Translation Language="En" Value="3559" />
              </AnswerTranslations>
            </Answer>
          </Variable>
          <Variable Section="Var" AnswerType="Text" QuestionID="11058304" Question="Supplier Style">
            <Answer>
              <AnswerID />
              <AnswerValues>
                <AnswerValue Name="">252TSH055-282</AnswerValue>
              </AnswerValues>
              <AnswerPrefix />
              <AnswerSuffix />
              <AnswerTranslations>
                <Translation Language="En" Value="252TSH055-282" />
              </AnswerTranslations>
            </Answer>
          </Variable>
          <Variable Section="Var" AnswerType="Lookup List" LookupListType="Attributes" QuestionID="11058305" Question="Currency">
            <Answer>
              <AnswerID>28131</AnswerID>
              <AnswerValues>
                <AnswerValue Name="Currency">SAR</AnswerValue>
                <AnswerValue Name="Symbol">SAR</AnswerValue>
              </AnswerValues>
              <AnswerPrefix />
              <AnswerSuffix />
              <AnswerTranslations />
            </Answer>
          </Variable>
          <Variable Section="Var" AnswerType="Lookup List" LookupListType="Variable" QuestionID="11058306" Question="Apparel Categories">
            <Answer>
              <AnswerID>37851</AnswerID>
              <AnswerValues>
                <AnswerValue Name="Type">FAGOTTINO</AnswerValue>
              </AnswerValues>
              <AnswerPrefix />
              <AnswerSuffix />
              <AnswerTranslations />
            </Answer>
          </Variable>
        </Variables>
      </Item>
      <Item>
        <ItemID>6996462</ItemID>
        <VariantName>227,282_F1_FAGOTTINO TOP-0040</VariantName>
        <Quantity>90</Quantity>
        <SizeChartItem Id="11058296" Value="227,282_F1_FAGOTTINO TOP-0040" SizeChartName="227,282_F2_FAGOTTINO TOP">
          <Size Name="MONTHS" Value="24-30" />
          <Size Name="CM" Value="92" />
          <Size Name="KG" Value="12,5-14" />
          <Size Name="INCHES" Value="36,2" />
        </SizeChartItem>
        <Variables>
          <Variable Section="Var" AnswerType="Barcode" QuestionID="11058294" Question="Barcode Number">
            <Answer>
              <AnswerID />
              <AnswerValues>
                <AnswerValue Name="">8053145088831</AnswerValue>
              </AnswerValues>
              <AnswerPrefix />
              <AnswerSuffix />
              <AnswerTranslations>
                <Translation Language="En" Value="8053145088831" />
              </AnswerTranslations>
            </Answer>
          </Variable>
          <Variable Section="Var" AnswerType="Text" QuestionID="11058295" Question="Selling Price">
            <Answer>
              <AnswerID />
              <AnswerValues>
                <AnswerValue Name="">59,00</AnswerValue>
              </AnswerValues>
              <AnswerPrefix />
              <AnswerSuffix />
              <AnswerTranslations>
                <Translation Language="En" Value="59,00" />
              </AnswerTranslations>
            </Answer>
          </Variable>
          <Variable Section="Var" AnswerType="Text" QuestionID="11058297" Question="SKU Code">
            <Answer>
              <AnswerID />
              <AnswerValues>
                <AnswerValue Name="">2396280</AnswerValue>
              </AnswerValues>
              <AnswerPrefix />
              <AnswerSuffix />
              <AnswerTranslations>
                <Translation Language="En" Value="2396280" />
              </AnswerTranslations>
            </Answer>
          </Variable>
          <Variable Section="Var" AnswerType="Text" QuestionID="11058298" Question="Commercial Ref">
            <Answer>
              <AnswerID />
              <AnswerValues>
                <AnswerValue Name="">PR700 AI06</AnswerValue>
              </AnswerValues>
              <AnswerPrefix />
              <AnswerSuffix />
              <AnswerTranslations>
                <Translation Language="En" Value="PR700 AI06" />
              </AnswerTranslations>
            </Answer>
          </Variable>
          <Variable Section="Var" AnswerType="Lookup List" LookupListType="Variable" QuestionID="11058299" Question="Country">
            <Answer>
              <AnswerID>28115</AnswerID>
              <AnswerValues>
                <AnswerValue Name="Name">MIDDLE EAST</AnswerValue>
              </AnswerValues>
              <AnswerPrefix />
              <AnswerSuffix />
              <AnswerTranslations />
            </Answer>
          </Variable>
          <Variable Section="Var" AnswerType="Text" QuestionID="11058300" Question="Color">
            <Answer>
              <AnswerID />
              <AnswerValues>
                <AnswerValue Name="">OXFORD TAN</AnswerValue>
              </AnswerValues>
              <AnswerPrefix />
              <AnswerSuffix />
              <AnswerTranslations>
                <Translation Language="En" Value="OXFORD TAN" />
              </AnswerTranslations>
            </Answer>
          </Variable>
          <Variable Section="Var" AnswerType="Text" QuestionID="11058301" Question="Department">
            <Answer>
              <AnswerID />
              <AnswerValues>
                <AnswerValue Name="">282</AnswerValue>
              </AnswerValues>
              <AnswerPrefix />
              <AnswerSuffix />
              <AnswerTranslations>
                <Translation Language="En" Value="282" />
              </AnswerTranslations>
            </Answer>
          </Variable>
          <Variable Section="Var" AnswerType="Text" QuestionID="11058302" Question="Style Code">
            <Answer>
              <AnswerID />
              <AnswerValues>
                <AnswerValue Name="">2396278</AnswerValue>
              </AnswerValues>
              <AnswerPrefix />
              <AnswerSuffix />
              <AnswerTranslations>
                <Translation Language="En" Value="2396278" />
              </AnswerTranslations>
            </Answer>
          </Variable>
          <Variable Section="Var" AnswerType="Text" QuestionID="11058303" Question="Sub Department">
            <Answer>
              <AnswerID />
              <AnswerValues>
                <AnswerValue Name="">3559</AnswerValue>
              </AnswerValues>
              <AnswerPrefix />
              <AnswerSuffix />
              <AnswerTranslations>
                <Translation Language="En" Value="3559" />
              </AnswerTranslations>
            </Answer>
          </Variable>
          <Variable Section="Var" AnswerType="Text" QuestionID="11058304" Question="Supplier Style">
            <Answer>
              <AnswerID />
              <AnswerValues>
                <AnswerValue Name="">252TSH055-282</AnswerValue>
              </AnswerValues>
              <AnswerPrefix />
              <AnswerSuffix />
              <AnswerTranslations>
                <Translation Language="En" Value="252TSH055-282" />
              </AnswerTranslations>
            </Answer>
          </Variable>
          <Variable Section="Var" AnswerType="Lookup List" LookupListType="Attributes" QuestionID="11058305" Question="Currency">
            <Answer>
              <AnswerID>28131</AnswerID>
              <AnswerValues>
                <AnswerValue Name="Currency">SAR</AnswerValue>
                <AnswerValue Name="Symbol">SAR</AnswerValue>
              </AnswerValues>
              <AnswerPrefix />
              <AnswerSuffix />
              <AnswerTranslations />
            </Answer>
          </Variable>
          <Variable Section="Var" AnswerType="Lookup List" LookupListType="Variable" QuestionID="11058306" Question="Apparel Categories">
            <Answer>
              <AnswerID>37851</AnswerID>
              <AnswerValues>
                <AnswerValue Name="Type">FAGOTTINO</AnswerValue>
              </AnswerValues>
              <AnswerPrefix />
              <AnswerSuffix />
              <AnswerTranslations />
            </Answer>
          </Variable>
        </Variables>
      </Item>
      <Item>
        <ItemID>6996463</ItemID>
        <VariantName>227,282_F1_FAGOTTINO TOP-0050</VariantName>
        <Quantity>135</Quantity>
        <SizeChartItem Id="11058296" Value="227,282_F1_FAGOTTINO TOP-0050" SizeChartName="227,282_F2_FAGOTTINO TOP">
          <Size Name="MONTHS" Value="30-36" />
          <Size Name="CM" Value="98" />
          <Size Name="KG" Value="14-15,5" />
          <Size Name="INCHES" Value="38,6" />
        </SizeChartItem>
        <Variables>
          <Variable Section="Var" AnswerType="Barcode" QuestionID="11058294" Question="Barcode Number">
            <Answer>
              <AnswerID />
              <AnswerValues>
                <AnswerValue Name="">8053145088848</AnswerValue>
              </AnswerValues>
              <AnswerPrefix />
              <AnswerSuffix />
              <AnswerTranslations>
                <Translation Language="En" Value="8053145088848" />
              </AnswerTranslations>
            </Answer>
          </Variable>
          <Variable Section="Var" AnswerType="Text" QuestionID="11058295" Question="Selling Price">
            <Answer>
              <AnswerID />
              <AnswerValues>
                <AnswerValue Name="">59,00</AnswerValue>
              </AnswerValues>
              <AnswerPrefix />
              <AnswerSuffix />
              <AnswerTranslations>
                <Translation Language="En" Value="59,00" />
              </AnswerTranslations>
            </Answer>
          </Variable>
          <Variable Section="Var" AnswerType="Text" QuestionID="11058297" Question="SKU Code">
            <Answer>
              <AnswerID />
              <AnswerValues>
                <AnswerValue Name="">2396281</AnswerValue>
              </AnswerValues>
              <AnswerPrefix />
              <AnswerSuffix />
              <AnswerTranslations>
                <Translation Language="En" Value="2396281" />
              </AnswerTranslations>
            </Answer>
          </Variable>
          <Variable Section="Var" AnswerType="Text" QuestionID="11058298" Question="Commercial Ref">
            <Answer>
              <AnswerID />
              <AnswerValues>
                <AnswerValue Name="">PR700 AI06</AnswerValue>
              </AnswerValues>
              <AnswerPrefix />
              <AnswerSuffix />
              <AnswerTranslations>
                <Translation Language="En" Value="PR700 AI06" />
              </AnswerTranslations>
            </Answer>
          </Variable>
          <Variable Section="Var" AnswerType="Lookup List" LookupListType="Variable" QuestionID="11058299" Question="Country">
            <Answer>
              <AnswerID>28115</AnswerID>
              <AnswerValues>
                <AnswerValue Name="Name">MIDDLE EAST</AnswerValue>
              </AnswerValues>
              <AnswerPrefix />
              <AnswerSuffix />
              <AnswerTranslations />
            </Answer>
          </Variable>
          <Variable Section="Var" AnswerType="Text" QuestionID="11058300" Question="Color">
            <Answer>
              <AnswerID />
              <AnswerValues>
                <AnswerValue Name="">OXFORD TAN</AnswerValue>
              </AnswerValues>
              <AnswerPrefix />
              <AnswerSuffix />
              <AnswerTranslations>
                <Translation Language="En" Value="OXFORD TAN" />
              </AnswerTranslations>
            </Answer>
          </Variable>
          <Variable Section="Var" AnswerType="Text" QuestionID="11058301" Question="Department">
            <Answer>
              <AnswerID />
              <AnswerValues>
                <AnswerValue Name="">282</AnswerValue>
              </AnswerValues>
              <AnswerPrefix />
              <AnswerSuffix />
              <AnswerTranslations>
                <Translation Language="En" Value="282" />
              </AnswerTranslations>
            </Answer>
          </Variable>
          <Variable Section="Var" AnswerType="Text" QuestionID="11058302" Question="Style Code">
            <Answer>
              <AnswerID />
              <AnswerValues>
                <AnswerValue Name="">2396278</AnswerValue>
              </AnswerValues>
              <AnswerPrefix />
              <AnswerSuffix />
              <AnswerTranslations>
                <Translation Language="En" Value="2396278" />
              </AnswerTranslations>
            </Answer>
          </Variable>
          <Variable Section="Var" AnswerType="Text" QuestionID="11058303" Question="Sub Department">
            <Answer>
              <AnswerID />
              <AnswerValues>
                <AnswerValue Name="">3559</AnswerValue>
              </AnswerValues>
              <AnswerPrefix />
              <AnswerSuffix />
              <AnswerTranslations>
                <Translation Language="En" Value="3559" />
              </AnswerTranslations>
            </Answer>
          </Variable>
          <Variable Section="Var" AnswerType="Text" QuestionID="11058304" Question="Supplier Style">
            <Answer>
              <AnswerID />
              <AnswerValues>
                <AnswerValue Name="">252TSH055-282</AnswerValue>
              </AnswerValues>
              <AnswerPrefix />
              <AnswerSuffix />
              <AnswerTranslations>
                <Translation Language="En" Value="252TSH055-282" />
              </AnswerTranslations>
            </Answer>
          </Variable>
          <Variable Section="Var" AnswerType="Lookup List" LookupListType="Attributes" QuestionID="11058305" Question="Currency">
            <Answer>
              <AnswerID>28131</AnswerID>
              <AnswerValues>
                <AnswerValue Name="Currency">SAR</AnswerValue>
                <AnswerValue Name="Symbol">SAR</AnswerValue>
              </AnswerValues>
              <AnswerPrefix />
              <AnswerSuffix />
              <AnswerTranslations />
            </Answer>
          </Variable>
          <Variable Section="Var" AnswerType="Lookup List" LookupListType="Variable" QuestionID="11058306" Question="Apparel Categories">
            <Answer>
              <AnswerID>37851</AnswerID>
              <AnswerValues>
                <AnswerValue Name="Type">FAGOTTINO</AnswerValue>
              </AnswerValues>
              <AnswerPrefix />
              <AnswerSuffix />
              <AnswerTranslations />
            </Answer>
          </Variable>
        </Variables>
      </Item>
    </OrderItem>
  </OrderItems>
</Order>