﻿<?xml version="1.0" encoding="utf-8"?>
<Order xmlns:xsd="http://www.w3.org/2001/XMLSchema" xmlns:xsi="http://www.w3.org/2001/XMLSchema-instance">
  <OrderStatus>Artwork Approval Pending</OrderStatus>
  <SubStatus />
  <ArtworkRequired>True</ArtworkRequired>
  <ArtworkStatus>Waiting For Approval</ArtworkStatus>
  <Site>ovs.bgpconnect.com</Site>
  <OrderID>B0609627</OrderID>
  <OrderLink>https://ovs.bgpconnect.com/Order?orderId=609627</OrderLink>
  <CustomerID>2196</CustomerID>
  <CustomerName>INDSYS TEST 1</CustomerName>
  <CustomerEmail>sathya@indsys.holdings</CustomerEmail>
  <CreatedDate>12/02/2025 07:02</CreatedDate>
  <CustomerRef>test</CustomerRef>
  <RequiredDate>13/02/2025</RequiredDate>
  <OrderedFromLocationID>11</OrderedFromLocationID>
  <OrderedFromLocation>TEST BRITANNIA SITE</OrderedFromLocation>
  <InvoiceLocation>
    <LocationID>2463</LocationID>
    <LocationName>GRAPHICS</LocationName>
    <AddressLine1>RAMNAGAR</AddressLine1>
    <AddressLine2 />
    <AddressLine3 />
    <City />
    <PostCode>641009</PostCode>
    <isoCountryCode>IN</isoCountryCode>
  </InvoiceLocation>
  <DeliveryLocation>
    <LocationID>2463</LocationID>
    <LocationName>GRAPHICS</LocationName>
    <AddressLine1>RAMNAGAR</AddressLine1>
    <AddressLine2 />
    <AddressLine3 />
    <City />
    <PostCode>641009</PostCode>
    <isoCountryCode>IN</isoCountryCode>
  </DeliveryLocation>
  <OrderItems>
    <OrderItem>
      <OrderItemID>928498</OrderItemID>
      <PurchaseOrder>
        <Reference />
      </PurchaseOrder>
      <Asset Id="12634">
        <Name>2AH28</Name>
        <Description>BLUKIDS HANGER-2AH28-280X213 MM</Description>
        <Codes>
          <Code Name="BPC" Value="TAG007442" />
        </Codes>
        <ProductTypes>
          <ProductType Domain="Retailer">Packaging</ProductType>
          <ProductType Domain="Britannia">Printed Packaging</ProductType>
        </ProductTypes>
      </Asset>
      <Item>
        <ItemID>7076735</ItemID>
        <Quantity>1</Quantity>
        <SizeChartItem Id="0" />
        <Variables>
          <Variable Section="Var" AnswerType="Lookup List" LookupListType="Variable" QuestionID="11193450" Question="Country">
            <Answer>
              <AnswerID>28111</AnswerID>
              <AnswerValues>
                <AnswerValue Name="Name">ITALY</AnswerValue>
              </AnswerValues>
              <AnswerPrefix />
              <AnswerSuffix />
              <AnswerTranslations />
            </Answer>
          </Variable>
          <Variable Section="Var" AnswerType="Text" QuestionID="11193451" Question="Supplier Style">
            <Answer>
              <AnswerID />
              <AnswerValues>
                <AnswerValue Name="">test</AnswerValue>
              </AnswerValues>
              <AnswerPrefix />
              <AnswerSuffix />
              <AnswerTranslations>
                <Translation Language="En" Value="test" />
              </AnswerTranslations>
            </Answer>
          </Variable>
        </Variables>
      </Item>
    </OrderItem>
  </OrderItems>
</Order>