﻿<?xml version="1.0" encoding="utf-8"?>
<Order xmlns:xsd="http://www.w3.org/2001/XMLSchema" xmlns:xsi="http://www.w3.org/2001/XMLSchema-instance">
  <OrderStatus>Cancelled</OrderStatus>
  <SubStatus />
  <ArtworkRequired>True</ArtworkRequired>
  <ArtworkStatus>Approved</ArtworkStatus>
  <Site>ovs.bgpconnect.com</Site>
  <OrderID>B0385680</OrderID>
  <OrderLink>https://ovs.bgpconnect.com/Order?orderId=385680</OrderLink>
  <CustomerID>1760</CustomerID>
  <CustomerName>ENTICE GARMENS</CustomerName>
  <CustomerEmail>entice@enticegarmens.com</CustomerEmail>
  <CreatedDate>23/11/2023 12:18</CreatedDate>
  <CustomerRef>562</CustomerRef>
  <RequiredDate>27/11/2023</RequiredDate>
  <OrderedFromLocationID>india</OrderedFromLocationID>
  <OrderedFromLocation>Sainmarks Industries India Private Ltd</OrderedFromLocation>
  <InvoiceLocation>
    <LocationID>1995</LocationID>
    <LocationName>ENTICE GARMENS</LocationName>
    <AddressLine1>NO.2,NALLUR TO MUTHANAMPALAYAM ROAD</AddressLine1>
    <AddressLine2>MUTHANAMPALAYAM POST</AddressLine2>
    <AddressLine3>TIRUPUR</AddressLine3>
    <City />
    <PostCode>641606</PostCode>
    <isoCountryCode>IN</isoCountryCode>
  </InvoiceLocation>
  <DeliveryLocation>
    <LocationID>1995</LocationID>
    <LocationName>ENTICE GARMENS</LocationName>
    <AddressLine1>NO.2,NALLUR TO MUTHANAMPALAYAM ROAD</AddressLine1>
    <AddressLine2>MUTHANAMPALAYAM POST</AddressLine2>
    <AddressLine3>TIRUPUR</AddressLine3>
    <City />
    <PostCode>641606</PostCode>
    <isoCountryCode>IN</isoCountryCode>
  </DeliveryLocation>
  <OrderItems>
    <OrderItem>
      <OrderItemID>589544</OrderItemID>
      <PurchaseOrder>
        <Reference />
      </PurchaseOrder>
      <Asset Id="11385">
        <Name>CDY1</Name>
        <Description>DISNEY BLUKIDS PACKAGING-95X115 MM</Description>
        <Codes>
          <Code Name="BPC" Value="TAG006913" />
        </Codes>
        <ProductTypes>
          <ProductType Domain="Retailer">Additional Tag</ProductType>
          <ProductType Domain="Britannia">Graphic Swing Ticket</ProductType>
        </ProductTypes>
      </Asset>
      <Item>
        <ItemID>4478885</ItemID>
        <VariantName>BLUKIDS -YEARS CHART-0050</VariantName>
        <Quantity>542</Quantity>
        <SizeChartItem Id="6998068" Value="BLUKIDS -YEARS CHART-0050" SizeChartName="6153-6150-6154-6156-BLUKIDS -YEARS CHART">
          <Size Name="YEARS" Value="3-4" />
          <Size Name="CM" Value="104" />
        </SizeChartItem>
        <Variables>
          <Variable Section="Var" AnswerType="Text" QuestionID="6998069" Question="Selling Price">
            <Answer>
              <AnswerID />
              <AnswerValues>
                <AnswerValue Name="">29,99</AnswerValue>
              </AnswerValues>
              <AnswerPrefix />
              <AnswerSuffix />
              <AnswerTranslations>
                <Translation Language="En" Value="29,99" />
              </AnswerTranslations>
            </Answer>
          </Variable>
        </Variables>
      </Item>
      <Item>
        <ItemID>4478911</ItemID>
        <VariantName>BLUKIDS -YEARS CHART-0060</VariantName>
        <Quantity>542</Quantity>
        <SizeChartItem Id="6998068" Value="BLUKIDS -YEARS CHART-0060" SizeChartName="6153-6150-6154-6156-BLUKIDS -YEARS CHART">
          <Size Name="YEARS" Value="4-5" />
          <Size Name="CM" Value="110" />
        </SizeChartItem>
        <Variables>
          <Variable Section="Var" AnswerType="Text" QuestionID="6998069" Question="Selling Price">
            <Answer>
              <AnswerID />
              <AnswerValues>
                <AnswerValue Name="">29,99</AnswerValue>
              </AnswerValues>
              <AnswerPrefix />
              <AnswerSuffix />
              <AnswerTranslations>
                <Translation Language="En" Value="29,99" />
              </AnswerTranslations>
            </Answer>
          </Variable>
        </Variables>
      </Item>
      <Item>
        <ItemID>4478912</ItemID>
        <VariantName>BLUKIDS -YEARS CHART-0070</VariantName>
        <Quantity>542</Quantity>
        <SizeChartItem Id="6998068" Value="BLUKIDS -YEARS CHART-0070" SizeChartName="6153-6150-6154-6156-BLUKIDS -YEARS CHART">
          <Size Name="YEARS" Value="5-6" />
          <Size Name="CM" Value="116" />
        </SizeChartItem>
        <Variables>
          <Variable Section="Var" AnswerType="Text" QuestionID="6998069" Question="Selling Price">
            <Answer>
              <AnswerID />
              <AnswerValues>
                <AnswerValue Name="">29,99</AnswerValue>
              </AnswerValues>
              <AnswerPrefix />
              <AnswerSuffix />
              <AnswerTranslations>
                <Translation Language="En" Value="29,99" />
              </AnswerTranslations>
            </Answer>
          </Variable>
        </Variables>
      </Item>
      <Item>
        <ItemID>4478913</ItemID>
        <VariantName>BLUKIDS -YEARS CHART-0080</VariantName>
        <Quantity>542</Quantity>
        <SizeChartItem Id="6998068" Value="BLUKIDS -YEARS CHART-0080" SizeChartName="6153-6150-6154-6156-BLUKIDS -YEARS CHART">
          <Size Name="YEARS" Value="6-7" />
          <Size Name="CM" Value="122" />
        </SizeChartItem>
        <Variables>
          <Variable Section="Var" AnswerType="Text" QuestionID="6998069" Question="Selling Price">
            <Answer>
              <AnswerID />
              <AnswerValues>
                <AnswerValue Name="">29,99</AnswerValue>
              </AnswerValues>
              <AnswerPrefix />
              <AnswerSuffix />
              <AnswerTranslations>
                <Translation Language="En" Value="29,99" />
              </AnswerTranslations>
            </Answer>
          </Variable>
        </Variables>
      </Item>
      <Item>
        <ItemID>4478914</ItemID>
        <VariantName>BLUKIDS -YEARS CHART-0090</VariantName>
        <Quantity>542</Quantity>
        <SizeChartItem Id="6998068" Value="BLUKIDS -YEARS CHART-0090" SizeChartName="6153-6150-6154-6156-BLUKIDS -YEARS CHART">
          <Size Name="YEARS" Value="7-8" />
          <Size Name="CM" Value="128" />
        </SizeChartItem>
        <Variables>
          <Variable Section="Var" AnswerType="Text" QuestionID="6998069" Question="Selling Price">
            <Answer>
              <AnswerID />
              <AnswerValues>
                <AnswerValue Name="">29,99</AnswerValue>
              </AnswerValues>
              <AnswerPrefix />
              <AnswerSuffix />
              <AnswerTranslations>
                <Translation Language="En" Value="29,99" />
              </AnswerTranslations>
            </Answer>
          </Variable>
        </Variables>
      </Item>
      <Item>
        <ItemID>4478915</ItemID>
        <VariantName>BLUKIDS -YEARS CHART-0100</VariantName>
        <Quantity>542</Quantity>
        <SizeChartItem Id="6998068" Value="BLUKIDS -YEARS CHART-0100" SizeChartName="6153-6150-6154-6156-BLUKIDS -YEARS CHART">
          <Size Name="YEARS" Value="8-9" />
          <Size Name="CM" Value="134" />
        </SizeChartItem>
        <Variables>
          <Variable Section="Var" AnswerType="Text" QuestionID="6998069" Question="Selling Price">
            <Answer>
              <AnswerID />
              <AnswerValues>
                <AnswerValue Name="">29,99</AnswerValue>
              </AnswerValues>
              <AnswerPrefix />
              <AnswerSuffix />
              <AnswerTranslations>
                <Translation Language="En" Value="29,99" />
              </AnswerTranslations>
            </Answer>
          </Variable>
        </Variables>
      </Item>
      <Item>
        <ItemID>4478916</ItemID>
        <VariantName>BLUKIDS -YEARS CHART-0110</VariantName>
        <Quantity>542</Quantity>
        <SizeChartItem Id="6998068" Value="BLUKIDS -YEARS CHART-0110" SizeChartName="6153-6150-6154-6156-BLUKIDS -YEARS CHART">
          <Size Name="YEARS" Value="9-10" />
          <Size Name="CM" Value="140" />
        </SizeChartItem>
        <Variables>
          <Variable Section="Var" AnswerType="Text" QuestionID="6998069" Question="Selling Price">
            <Answer>
              <AnswerID />
              <AnswerValues>
                <AnswerValue Name="">29,99</AnswerValue>
              </AnswerValues>
              <AnswerPrefix />
              <AnswerSuffix />
              <AnswerTranslations>
                <Translation Language="En" Value="29,99" />
              </AnswerTranslations>
            </Answer>
          </Variable>
        </Variables>
      </Item>
    </OrderItem>
  </OrderItems>
</Order>